source,policy,true_class,decision,error,tau,Nweak,Nstrong,unlocked,cap_hit
mock fallback — NOT REPORTABLE,gated,1,1,0,69,11,58,1,0
mock fallback — NOT REPORTABLE,gated,1,2,1,16,11,5,1,0
mock fallback — NOT REPORTABLE,gated,1,2,1,62,58,4,1,0
mock fallback — NOT REPORTABLE,gated,1,2,1,74,73,1,1,0
mock fallback — NOT REPORTABLE,gated,1,1,0,80,36,44,1,0
mock fallback — NOT REPORTABLE,gated,1,2,1,49,47,2,1,0
mock fallback — NOT REPORTABLE,gated,1,2,1,36,35,1,1,0
mock fallback — NOT REPORTABLE,gated,1,2,1,61,57,4,1,0
mock fallback — NOT REPORTABLE,gated,1,2,1,49,42,7,1,0
mock fallback — NOT REPORTABLE,gated,1,2,1,91,90,1,1,0
mock fallback — NOT REPORTABLE,gated,1,1,0,88,54,34,1,0
mock fallback — NOT REPORTABLE,gated,1,1,0,27,15,12,1,0
mock fallback — NOT REPORTABLE,gated,1,2,1,31,29,2,1,0
mock fallback — NOT REPORTABLE,gated,1,1,0,32,16,16,1,0
mock fallback — NOT REPORTABLE,gated,1,2,1,28,27,1,1,0
mock fallback — NOT REPORTABLE,gated,1,1,0,39,13,26,1,0
mock fallback — NOT REPORTABLE,gated,1,1,0,41,17,24,1,0
mock fallback — NOT REPORTABLE,gated,1,2,1,47,46,1,1,0
mock fallback — NOT REPORTABLE,gated,1,2,1,35,34,1,1,0
mock fallback — NOT REPORTABLE,gated,1,2,1,92,91,1,1,0
mock fallback — NOT REPORTABLE,gated,1,2,1,17,13,4,1,0
mock fallback — NOT REPORTABLE,gated,1,2,1,25,24,1,1,0
mock fallback — NOT REPORTABLE,gated,1,2,1,22,14,8,1,0
mock fallback — NOT REPORTABLE,gated,1,2,1,79,78,1,1,0
mock fallback — NOT REPORTABLE,gated,1,2,1,153,152,1,1,0
mock fallback — NOT REPORTABLE,gated,1,2,1,42,41,1,1,0
mock fallback — NOT REPORTABLE,gated,1,2,1,67,65,2,1,0
mock fallback — NOT REPORTABLE,gated,1,2,1,39,37,2,1,0
mock fallback — NOT REPORTABLE,gated,1,2,1,56,54,2,1,0
mock fallback — NOT REPORTABLE,gated,1,2,1,12,9,3,1,0
mock fallback — NOT REPORTABLE,gated,1,2,1,40,39,1,1,0
mock fallback — NOT REPORTABLE,gated,1,2,1,46,44,2,1,0
mock fallback — NOT REPORTABLE,gated,1,2,1,36,35,1,1,0
mock fallback — NOT REPORTABLE,gated,1,2,1,39,20,19,1,0
mock fallback — NOT REPORTABLE,gated,1,2,1,77,75,2,1,0
mock fallback — NOT REPORTABLE,gated,1,2,1,50,11,39,1,0
mock fallback — NOT REPORTABLE,gated,1,2,1,63,62,1,1,0
mock fallback — NOT REPORTABLE,gated,1,1,0,57,19,38,1,0
mock fallback — NOT REPORTABLE,gated,1,2,1,110,105,5,1,0
mock fallback — NOT REPORTABLE,gated,1,2,1,54,53,1,1,0
mock fallback — NOT REPORTABLE,gated,1,2,1,26,18,8,1,0
mock fallback — NOT REPORTABLE,gated,1,2,1,28,27,1,1,0
mock fallback — NOT REPORTABLE,gated,1,2,1,19,18,1,1,0
mock fallback — NOT REPORTABLE,gated,1,2,1,28,25,3,1,0
mock fallback — NOT REPORTABLE,gated,1,1,0,90,17,73,1,0
mock fallback — NOT REPORTABLE,gated,1,1,0,28,11,17,1,0
mock fallback — NOT REPORTABLE,gated,1,1,0,48,33,15,1,0
mock fallback — NOT REPORTABLE,gated,1,2,1,38,37,1,1,0
mock fallback — NOT REPORTABLE,gated,1,2,1,48,47,1,1,0
mock fallback — NOT REPORTABLE,gated,1,2,1,60,58,2,1,0
mock fallback — NOT REPORTABLE,gated,1,1,0,92,71,21,1,0
mock fallback — NOT REPORTABLE,gated,1,2,1,32,29,3,1,0
mock fallback — NOT REPORTABLE,gated,1,2,1,137,136,1,1,0
mock fallback — NOT REPORTABLE,gated,1,2,1,27,26,1,1,0
mock fallback — NOT REPORTABLE,gated,1,2,1,54,52,2,1,0
mock fallback — NOT REPORTABLE,gated,1,2,1,83,82,1,1,0
mock fallback — NOT REPORTABLE,gated,1,1,0,26,10,16,1,0
mock fallback — NOT REPORTABLE,gated,1,2,1,76,66,10,1,0
mock fallback — NOT REPORTABLE,gated,1,2,1,17,16,1,1,0
mock fallback — NOT REPORTABLE,gated,1,1,0,92,18,74,1,0
mock fallback — NOT REPORTABLE,gated,1,2,1,50,48,2,1,0
mock fallback — NOT REPORTABLE,gated,1,2,1,58,56,2,1,0
mock fallback — NOT REPORTABLE,gated,1,2,1,35,23,12,1,0
mock fallback — NOT REPORTABLE,gated,1,2,1,121,120,1,1,0
mock fallback — NOT REPORTABLE,gated,1,2,1,51,50,1,1,0
mock fallback — NOT REPORTABLE,gated,1,1,0,67,37,30,1,0
mock fallback — NOT REPORTABLE,gated,1,2,1,118,115,3,1,0
mock fallback — NOT REPORTABLE,gated,1,1,0,51,22,29,1,0
mock fallback — NOT REPORTABLE,gated,1,2,1,38,37,1,1,0
mock fallback — NOT REPORTABLE,gated,1,1,0,51,24,27,1,0
mock fallback — NOT REPORTABLE,gated,1,1,0,73,18,55,1,0
mock fallback — NOT REPORTABLE,gated,1,1,0,64,21,43,1,0
mock fallback — NOT REPORTABLE,gated,1,1,0,41,21,20,1,0
mock fallback — NOT REPORTABLE,gated,1,2,1,38,35,3,1,0
mock fallback — NOT REPORTABLE,gated,1,2,1,35,34,1,1,0
mock fallback — NOT REPORTABLE,gated,1,2,1,27,26,1,1,0
mock fallback — NOT REPORTABLE,gated,1,2,1,84,59,25,1,0
mock fallback — NOT REPORTABLE,gated,1,2,1,33,32,1,1,0
mock fallback — NOT REPORTABLE,gated,1,2,1,52,46,6,1,0
mock fallback — NOT REPORTABLE,gated,1,2,1,57,53,4,1,0
mock fallback — NOT REPORTABLE,gated,1,1,0,42,21,21,1,0
mock fallback — NOT REPORTABLE,gated,1,2,1,25,23,2,1,0
mock fallback — NOT REPORTABLE,gated,1,1,0,48,13,35,1,0
mock fallback — NOT REPORTABLE,gated,1,2,1,48,47,1,1,0
mock fallback — NOT REPORTABLE,gated,1,2,1,39,38,1,1,0
mock fallback — NOT REPORTABLE,gated,1,2,1,31,29,2,1,0
mock fallback — NOT REPORTABLE,gated,1,2,1,63,62,1,1,0
mock fallback — NOT REPORTABLE,gated,1,1,0,56,23,33,1,0
mock fallback — NOT REPORTABLE,gated,1,2,1,28,17,11,1,0
mock fallback — NOT REPORTABLE,gated,1,1,0,83,33,50,1,0
mock fallback — NOT REPORTABLE,gated,1,1,0,60,16,44,1,0
mock fallback — NOT REPORTABLE,gated,1,1,0,85,13,72,1,0
mock fallback — NOT REPORTABLE,gated,1,2,1,67,65,2,1,0
mock fallback — NOT REPORTABLE,gated,1,2,1,47,46,1,1,0
mock fallback — NOT REPORTABLE,gated,1,1,0,68,26,42,1,0
mock fallback — NOT REPORTABLE,gated,1,1,0,53,33,20,1,0
mock fallback — NOT REPORTABLE,gated,1,1,0,44,9,35,1,0
mock fallback — NOT REPORTABLE,gated,1,2,1,78,77,1,1,0
mock fallback — NOT REPORTABLE,gated,1,2,1,48,46,2,1,0
mock fallback — NOT REPORTABLE,gated,1,1,0,71,30,41,1,0
mock fallback — NOT REPORTABLE,gated,2,2,0,21,14,7,1,0
mock fallback — NOT REPORTABLE,gated,2,2,0,44,42,2,1,0
mock fallback — NOT REPORTABLE,gated,2,2,0,78,72,6,1,0
mock fallback — NOT REPORTABLE,gated,2,2,0,75,64,11,1,0
mock fallback — NOT REPORTABLE,gated,2,2,0,70,69,1,1,0
mock fallback — NOT REPORTABLE,gated,2,2,0,44,28,16,1,0
mock fallback — NOT REPORTABLE,gated,2,2,0,54,49,5,1,0
mock fallback — NOT REPORTABLE,gated,2,2,0,52,29,23,1,0
mock fallback — NOT REPORTABLE,gated,2,2,0,91,90,1,1,0
mock fallback — NOT REPORTABLE,gated,2,2,0,63,57,6,1,0
mock fallback — NOT REPORTABLE,gated,2,2,0,76,68,8,1,0
mock fallback — NOT REPORTABLE,gated,2,2,0,48,43,5,1,0
mock fallback — NOT REPORTABLE,gated,2,2,0,77,73,4,1,0
mock fallback — NOT REPORTABLE,gated,2,2,0,23,18,5,1,0
mock fallback — NOT REPORTABLE,gated,2,2,0,53,48,5,1,0
mock fallback — NOT REPORTABLE,gated,2,2,0,33,29,4,1,0
mock fallback — NOT REPORTABLE,gated,2,2,0,105,95,10,1,0
mock fallback — NOT REPORTABLE,gated,2,2,0,97,93,4,1,0
mock fallback — NOT REPORTABLE,gated,2,2,0,124,114,10,1,0
mock fallback — NOT REPORTABLE,gated,2,2,0,70,62,8,1,0
mock fallback — NOT REPORTABLE,gated,2,2,0,70,68,2,1,0
mock fallback — NOT REPORTABLE,gated,2,2,0,18,11,7,1,0
mock fallback — NOT REPORTABLE,gated,2,2,0,33,26,7,1,0
mock fallback — NOT REPORTABLE,gated,2,2,0,25,18,7,1,0
mock fallback — NOT REPORTABLE,gated,2,2,0,33,30,3,1,0
mock fallback — NOT REPORTABLE,gated,2,2,0,128,116,12,1,0
mock fallback — NOT REPORTABLE,gated,2,2,0,75,74,1,1,0
mock fallback — NOT REPORTABLE,gated,2,2,0,49,29,20,1,0
mock fallback — NOT REPORTABLE,gated,2,2,0,24,17,7,1,0
mock fallback — NOT REPORTABLE,gated,2,2,0,67,57,10,1,0
mock fallback — NOT REPORTABLE,gated,2,2,0,31,25,6,1,0
mock fallback — NOT REPORTABLE,gated,2,2,0,43,22,21,1,0
mock fallback — NOT REPORTABLE,gated,2,2,0,50,40,10,1,0
mock fallback — NOT REPORTABLE,gated,2,4,1,58,54,4,1,0
mock fallback — NOT REPORTABLE,gated,2,2,0,115,113,2,1,0
mock fallback — NOT REPORTABLE,gated,2,2,0,56,45,11,1,0
mock fallback — NOT REPORTABLE,gated,2,2,0,45,34,11,1,0
mock fallback — NOT REPORTABLE,gated,2,2,0,79,50,29,1,0
mock fallback — NOT REPORTABLE,gated,2,2,0,69,60,9,1,0
mock fallback — NOT REPORTABLE,gated,2,2,0,88,78,10,1,0
mock fallback — NOT REPORTABLE,gated,2,2,0,54,33,21,1,0
mock fallback — NOT REPORTABLE,gated,2,2,0,111,101,10,1,0
mock fallback — NOT REPORTABLE,gated,2,2,0,55,48,7,1,0
mock fallback — NOT REPORTABLE,gated,2,2,0,44,42,2,1,0
mock fallback — NOT REPORTABLE,gated,2,2,0,14,8,6,1,0
mock fallback — NOT REPORTABLE,gated,2,2,0,38,20,18,1,0
mock fallback — NOT REPORTABLE,gated,2,2,0,98,93,5,1,0
mock fallback — NOT REPORTABLE,gated,2,2,0,51,49,2,1,0
mock fallback — NOT REPORTABLE,gated,2,2,0,25,20,5,1,0
mock fallback — NOT REPORTABLE,gated,2,2,0,48,40,8,1,0
mock fallback — NOT REPORTABLE,gated,2,2,0,135,132,3,1,0
mock fallback — NOT REPORTABLE,gated,2,2,0,30,29,1,1,0
mock fallback — NOT REPORTABLE,gated,2,2,0,163,150,13,1,0
mock fallback — NOT REPORTABLE,gated,2,2,0,36,34,2,1,0
mock fallback — NOT REPORTABLE,gated,2,2,0,22,10,12,1,0
mock fallback — NOT REPORTABLE,gated,2,2,0,212,187,25,1,0
mock fallback — NOT REPORTABLE,gated,2,2,0,24,20,4,1,0
mock fallback — NOT REPORTABLE,gated,2,2,0,36,21,15,1,0
mock fallback — NOT REPORTABLE,gated,2,2,0,32,21,11,1,0
mock fallback — NOT REPORTABLE,gated,2,2,0,21,15,6,1,0
mock fallback — NOT REPORTABLE,gated,2,2,0,21,7,14,1,0
mock fallback — NOT REPORTABLE,gated,2,2,0,33,32,1,1,0
mock fallback — NOT REPORTABLE,gated,2,2,0,36,27,9,1,0
mock fallback — NOT REPORTABLE,gated,2,2,0,30,29,1,1,0
mock fallback — NOT REPORTABLE,gated,2,2,0,35,34,1,1,0
mock fallback — NOT REPORTABLE,gated,2,2,0,50,45,5,1,0
mock fallback — NOT REPORTABLE,gated,2,2,0,61,24,37,1,0
mock fallback — NOT REPORTABLE,gated,2,2,0,52,47,5,1,0
mock fallback — NOT REPORTABLE,gated,2,2,0,163,149,14,1,0
mock fallback — NOT REPORTABLE,gated,2,2,0,50,30,20,1,0
mock fallback — NOT REPORTABLE,gated,2,2,0,99,96,3,1,0
mock fallback — NOT REPORTABLE,gated,2,2,0,62,60,2,1,0
mock fallback — NOT REPORTABLE,gated,2,2,0,54,48,6,1,0
mock fallback — NOT REPORTABLE,gated,2,2,0,71,70,1,1,0
mock fallback — NOT REPORTABLE,gated,2,2,0,36,34,2,1,0
mock fallback — NOT REPORTABLE,gated,2,2,0,24,17,7,1,0
mock fallback — NOT REPORTABLE,gated,2,2,0,44,43,1,1,0
mock fallback — NOT REPORTABLE,gated,2,2,0,24,23,1,1,0
mock fallback — NOT REPORTABLE,gated,2,2,0,74,68,6,1,0
mock fallback — NOT REPORTABLE,gated,2,2,0,55,45,10,1,0
mock fallback — NOT REPORTABLE,gated,2,2,0,20,7,13,1,0
mock fallback — NOT REPORTABLE,gated,2,2,0,62,53,9,1,0
mock fallback — NOT REPORTABLE,gated,2,2,0,137,129,8,1,0
mock fallback — NOT REPORTABLE,gated,2,2,0,74,64,10,1,0
mock fallback — NOT REPORTABLE,gated,2,2,0,38,18,20,1,0
mock fallback — NOT REPORTABLE,gated,2,2,0,15,10,5,1,0
mock fallback — NOT REPORTABLE,gated,2,2,0,68,54,14,1,0
mock fallback — NOT REPORTABLE,gated,2,2,0,40,9,31,1,0
mock fallback — NOT REPORTABLE,gated,2,2,0,31,18,13,1,0
mock fallback — NOT REPORTABLE,gated,2,2,0,16,9,7,1,0
mock fallback — NOT REPORTABLE,gated,2,2,0,22,7,15,1,0
mock fallback — NOT REPORTABLE,gated,2,2,0,79,63,16,1,0
mock fallback — NOT REPORTABLE,gated,2,2,0,63,61,2,1,0
mock fallback — NOT REPORTABLE,gated,2,2,0,34,10,24,1,0
mock fallback — NOT REPORTABLE,gated,2,2,0,67,53,14,1,0
mock fallback — NOT REPORTABLE,gated,2,2,0,54,46,8,1,0
mock fallback — NOT REPORTABLE,gated,2,2,0,116,104,12,1,0
mock fallback — NOT REPORTABLE,gated,2,2,0,67,65,2,1,0
mock fallback — NOT REPORTABLE,gated,2,2,0,21,11,10,1,0
mock fallback — NOT REPORTABLE,gated,2,2,0,36,29,7,1,0
mock fallback — NOT REPORTABLE,gated,3,3,0,75,65,10,1,0
mock fallback — NOT REPORTABLE,gated,3,5,1,29,25,4,1,0
mock fallback — NOT REPORTABLE,gated,3,3,0,57,43,14,1,0
mock fallback — NOT REPORTABLE,gated,3,4,1,61,16,45,1,0
mock fallback — NOT REPORTABLE,gated,3,3,0,45,31,14,1,0
mock fallback — NOT REPORTABLE,gated,3,3,0,71,65,6,1,0
mock fallback — NOT REPORTABLE,gated,3,3,0,46,40,6,1,0
mock fallback — NOT REPORTABLE,gated,3,3,0,114,87,27,1,0
mock fallback — NOT REPORTABLE,gated,3,3,0,23,16,7,1,0
mock fallback — NOT REPORTABLE,gated,3,3,0,64,53,11,1,0
mock fallback — NOT REPORTABLE,gated,3,3,0,161,145,16,1,0
mock fallback — NOT REPORTABLE,gated,3,3,0,99,93,6,1,0
mock fallback — NOT REPORTABLE,gated,3,5,1,75,73,2,1,0
mock fallback — NOT REPORTABLE,gated,3,3,0,96,51,45,1,0
mock fallback — NOT REPORTABLE,gated,3,3,0,87,71,16,1,0
mock fallback — NOT REPORTABLE,gated,3,4,1,101,75,26,1,0
mock fallback — NOT REPORTABLE,gated,3,2,1,70,43,27,1,0
mock fallback — NOT REPORTABLE,gated,3,3,0,107,102,5,1,0
mock fallback — NOT REPORTABLE,gated,3,3,0,43,10,33,1,0
mock fallback — NOT REPORTABLE,gated,3,3,0,67,6,61,1,0
mock fallback — NOT REPORTABLE,gated,3,3,0,55,43,12,1,0
mock fallback — NOT REPORTABLE,gated,3,4,1,34,16,18,1,0
mock fallback — NOT REPORTABLE,gated,3,5,1,40,36,4,1,0
mock fallback — NOT REPORTABLE,gated,3,3,0,133,79,54,1,0
mock fallback — NOT REPORTABLE,gated,3,3,0,113,89,24,1,0
mock fallback — NOT REPORTABLE,gated,3,1,1,100,97,3,1,0
mock fallback — NOT REPORTABLE,gated,3,3,0,43,40,3,1,0
mock fallback — NOT REPORTABLE,gated,3,3,0,88,42,46,1,0
mock fallback — NOT REPORTABLE,gated,3,4,1,86,70,16,1,0
mock fallback — NOT REPORTABLE,gated,3,3,0,36,31,5,1,0
mock fallback — NOT REPORTABLE,gated,3,3,0,87,57,30,1,0
mock fallback — NOT REPORTABLE,gated,3,1,1,71,70,1,1,0
mock fallback — NOT REPORTABLE,gated,3,3,0,103,91,12,1,0
mock fallback — NOT REPORTABLE,gated,3,3,0,122,58,64,1,0
mock fallback — NOT REPORTABLE,gated,3,3,0,89,32,57,1,0
mock fallback — NOT REPORTABLE,gated,3,1,1,78,73,5,1,0
mock fallback — NOT REPORTABLE,gated,3,3,0,140,106,34,1,0
mock fallback — NOT REPORTABLE,gated,3,3,0,94,85,9,1,0
mock fallback — NOT REPORTABLE,gated,3,3,0,82,79,3,1,0
mock fallback — NOT REPORTABLE,gated,3,3,0,138,130,8,1,0
mock fallback — NOT REPORTABLE,gated,3,3,0,90,85,5,1,0
mock fallback — NOT REPORTABLE,gated,3,1,1,91,90,1,1,0
mock fallback — NOT REPORTABLE,gated,3,5,1,133,128,5,1,0
mock fallback — NOT REPORTABLE,gated,3,2,1,164,76,88,1,0
mock fallback — NOT REPORTABLE,gated,3,2,1,39,31,8,1,0
mock fallback — NOT REPORTABLE,gated,3,3,0,97,89,8,1,0
mock fallback — NOT REPORTABLE,gated,3,3,0,83,31,52,1,0
mock fallback — NOT REPORTABLE,gated,3,3,0,54,53,1,1,0
mock fallback — NOT REPORTABLE,gated,3,2,1,72,47,25,1,0
mock fallback — NOT REPORTABLE,gated,3,3,0,151,90,61,1,0
mock fallback — NOT REPORTABLE,gated,3,3,0,40,33,7,1,0
mock fallback — NOT REPORTABLE,gated,3,3,0,60,31,29,1,0
mock fallback — NOT REPORTABLE,gated,3,3,0,82,53,29,1,0
mock fallback — NOT REPORTABLE,gated,3,3,0,72,65,7,1,0
mock fallback — NOT REPORTABLE,gated,3,3,0,94,11,83,1,0
mock fallback — NOT REPORTABLE,gated,3,3,0,69,55,14,1,0
mock fallback — NOT REPORTABLE,gated,3,3,0,51,47,4,1,0
mock fallback — NOT REPORTABLE,gated,3,3,0,50,40,10,1,0
mock fallback — NOT REPORTABLE,gated,3,1,1,74,73,1,1,0
mock fallback — NOT REPORTABLE,gated,3,5,1,28,26,2,1,0
mock fallback — NOT REPORTABLE,gated,3,2,1,69,33,36,1,0
mock fallback — NOT REPORTABLE,gated,3,3,0,72,51,21,1,0
mock fallback — NOT REPORTABLE,gated,3,5,1,103,102,1,1,0
mock fallback — NOT REPORTABLE,gated,3,2,1,56,31,25,1,0
mock fallback — NOT REPORTABLE,gated,3,3,0,51,49,2,1,0
mock fallback — NOT REPORTABLE,gated,3,3,0,27,25,2,1,0
mock fallback — NOT REPORTABLE,gated,3,3,0,65,62,3,1,0
mock fallback — NOT REPORTABLE,gated,3,2,1,34,22,12,1,0
mock fallback — NOT REPORTABLE,gated,3,3,0,116,106,10,1,0
mock fallback — NOT REPORTABLE,gated,3,3,0,85,68,17,1,0
mock fallback — NOT REPORTABLE,gated,3,1,1,73,66,7,1,0
mock fallback — NOT REPORTABLE,gated,3,3,0,59,56,3,1,0
mock fallback — NOT REPORTABLE,gated,3,3,0,263,232,31,1,0
mock fallback — NOT REPORTABLE,gated,3,3,0,247,239,8,1,0
mock fallback — NOT REPORTABLE,gated,3,2,1,99,79,20,1,0
mock fallback — NOT REPORTABLE,gated,3,3,0,82,75,7,1,0
mock fallback — NOT REPORTABLE,gated,3,5,1,100,92,8,1,0
mock fallback — NOT REPORTABLE,gated,3,3,0,122,109,13,1,0
mock fallback — NOT REPORTABLE,gated,3,3,0,125,31,94,1,0
mock fallback — NOT REPORTABLE,gated,3,2,1,62,34,28,1,0
mock fallback — NOT REPORTABLE,gated,3,3,0,60,43,17,1,0
mock fallback — NOT REPORTABLE,gated,3,3,0,62,44,18,1,0
mock fallback — NOT REPORTABLE,gated,3,5,1,36,35,1,1,0
mock fallback — NOT REPORTABLE,gated,3,3,0,92,58,34,1,0
mock fallback — NOT REPORTABLE,gated,3,3,0,93,78,15,1,0
mock fallback — NOT REPORTABLE,gated,3,2,1,106,46,60,1,0
mock fallback — NOT REPORTABLE,gated,3,2,1,40,22,18,1,0
mock fallback — NOT REPORTABLE,gated,3,3,0,54,33,21,1,0
mock fallback — NOT REPORTABLE,gated,3,2,1,59,37,22,1,0
mock fallback — NOT REPORTABLE,gated,3,2,1,34,22,12,1,0
mock fallback — NOT REPORTABLE,gated,3,2,1,67,40,27,1,0
mock fallback — NOT REPORTABLE,gated,3,3,0,42,23,19,1,0
mock fallback — NOT REPORTABLE,gated,3,4,1,59,51,8,1,0
mock fallback — NOT REPORTABLE,gated,3,3,0,57,13,44,1,0
mock fallback — NOT REPORTABLE,gated,3,4,1,152,136,16,1,0
mock fallback — NOT REPORTABLE,gated,3,3,0,47,29,18,1,0
mock fallback — NOT REPORTABLE,gated,3,3,0,59,52,7,1,0
mock fallback — NOT REPORTABLE,gated,3,3,0,41,30,11,1,0
mock fallback — NOT REPORTABLE,gated,3,3,0,52,41,11,1,0
mock fallback — NOT REPORTABLE,gated,3,3,0,112,106,6,1,0
mock fallback — NOT REPORTABLE,gated,4,5,1,34,33,1,1,0
mock fallback — NOT REPORTABLE,gated,4,5,1,152,145,7,1,0
mock fallback — NOT REPORTABLE,gated,4,4,0,81,21,60,1,0
mock fallback — NOT REPORTABLE,gated,4,5,1,47,46,1,1,0
mock fallback — NOT REPORTABLE,gated,4,5,1,56,54,2,1,0
mock fallback — NOT REPORTABLE,gated,4,5,1,58,53,5,1,0
mock fallback — NOT REPORTABLE,gated,4,4,0,43,41,2,1,0
mock fallback — NOT REPORTABLE,gated,4,4,0,29,21,8,1,0
mock fallback — NOT REPORTABLE,gated,4,5,1,144,105,39,1,0
mock fallback — NOT REPORTABLE,gated,4,5,1,52,36,16,1,0
mock fallback — NOT REPORTABLE,gated,4,5,1,62,61,1,1,0
mock fallback — NOT REPORTABLE,gated,4,4,0,184,169,15,1,0
mock fallback — NOT REPORTABLE,gated,4,5,1,60,34,26,1,0
mock fallback — NOT REPORTABLE,gated,4,4,0,66,55,11,1,0
mock fallback — NOT REPORTABLE,gated,4,4,0,129,128,1,1,0
mock fallback — NOT REPORTABLE,gated,4,5,1,83,79,4,1,0
mock fallback — NOT REPORTABLE,gated,4,4,0,16,15,1,1,0
mock fallback — NOT REPORTABLE,gated,4,4,0,75,63,12,1,0
mock fallback — NOT REPORTABLE,gated,4,4,0,32,30,2,1,0
mock fallback — NOT REPORTABLE,gated,4,5,1,106,103,3,1,0
mock fallback — NOT REPORTABLE,gated,4,5,1,43,37,6,1,0
mock fallback — NOT REPORTABLE,gated,4,4,0,119,97,22,1,0
mock fallback — NOT REPORTABLE,gated,4,5,1,63,42,21,1,0
mock fallback — NOT REPORTABLE,gated,4,4,0,122,111,11,1,0
mock fallback — NOT REPORTABLE,gated,4,5,1,120,118,2,1,0
mock fallback — NOT REPORTABLE,gated,4,5,1,70,68,2,1,0
mock fallback — NOT REPORTABLE,gated,4,4,0,135,88,47,1,0
mock fallback — NOT REPORTABLE,gated,4,5,1,165,131,34,1,0
mock fallback — NOT REPORTABLE,gated,4,4,0,38,36,2,1,0
mock fallback — NOT REPORTABLE,gated,4,5,1,85,84,1,1,0
mock fallback — NOT REPORTABLE,gated,4,4,0,83,82,1,1,0
mock fallback — NOT REPORTABLE,gated,4,4,0,72,51,21,1,0
mock fallback — NOT REPORTABLE,gated,4,5,1,27,12,15,1,0
mock fallback — NOT REPORTABLE,gated,4,5,1,94,92,2,1,0
mock fallback — NOT REPORTABLE,gated,4,5,1,53,35,18,1,0
mock fallback — NOT REPORTABLE,gated,4,5,1,165,115,50,1,0
mock fallback — NOT REPORTABLE,gated,4,5,1,74,47,27,1,0
mock fallback — NOT REPORTABLE,gated,4,4,0,83,46,37,1,0
mock fallback — NOT REPORTABLE,gated,4,4,0,57,43,14,1,0
mock fallback — NOT REPORTABLE,gated,4,4,0,67,37,30,1,0
mock fallback — NOT REPORTABLE,gated,4,5,1,113,99,14,1,0
mock fallback — NOT REPORTABLE,gated,4,5,1,97,94,3,1,0
mock fallback — NOT REPORTABLE,gated,4,5,1,112,43,69,1,0
mock fallback — NOT REPORTABLE,gated,4,4,0,107,69,38,1,0
mock fallback — NOT REPORTABLE,gated,4,4,0,144,98,46,1,0
mock fallback — NOT REPORTABLE,gated,4,5,1,97,95,2,1,0
mock fallback — NOT REPORTABLE,gated,4,5,1,167,139,28,1,0
mock fallback — NOT REPORTABLE,gated,4,4,0,44,24,20,1,0
mock fallback — NOT REPORTABLE,gated,4,5,1,275,180,95,1,0
mock fallback — NOT REPORTABLE,gated,4,5,1,30,15,15,1,0
mock fallback — NOT REPORTABLE,gated,4,5,1,41,10,31,1,0
mock fallback — NOT REPORTABLE,gated,4,5,1,60,46,14,1,0
mock fallback — NOT REPORTABLE,gated,4,5,1,45,40,5,1,0
mock fallback — NOT REPORTABLE,gated,4,4,0,97,87,10,1,0
mock fallback — NOT REPORTABLE,gated,4,5,1,32,14,18,1,0
mock fallback — NOT REPORTABLE,gated,4,5,1,75,59,16,1,0
mock fallback — NOT REPORTABLE,gated,4,5,1,83,82,1,1,0
mock fallback — NOT REPORTABLE,gated,4,4,0,23,11,12,1,0
mock fallback — NOT REPORTABLE,gated,4,4,0,276,247,29,1,0
mock fallback — NOT REPORTABLE,gated,4,5,1,110,34,76,1,0
mock fallback — NOT REPORTABLE,gated,4,5,1,75,72,3,1,0
mock fallback — NOT REPORTABLE,gated,4,4,0,30,22,8,1,0
mock fallback — NOT REPORTABLE,gated,4,5,1,68,65,3,1,0
mock fallback — NOT REPORTABLE,gated,4,4,0,93,82,11,1,0
mock fallback — NOT REPORTABLE,gated,4,5,1,80,79,1,1,0
mock fallback — NOT REPORTABLE,gated,4,5,1,84,64,20,1,0
mock fallback — NOT REPORTABLE,gated,4,4,0,34,31,3,1,0
mock fallback — NOT REPORTABLE,gated,4,4,0,42,32,10,1,0
mock fallback — NOT REPORTABLE,gated,4,5,1,87,79,8,1,0
mock fallback — NOT REPORTABLE,gated,4,5,1,93,89,4,1,0
mock fallback — NOT REPORTABLE,gated,4,5,1,91,46,45,1,0
mock fallback — NOT REPORTABLE,gated,4,4,0,168,150,18,1,0
mock fallback — NOT REPORTABLE,gated,4,4,0,106,102,4,1,0
mock fallback — NOT REPORTABLE,gated,4,5,1,66,26,40,1,0
mock fallback — NOT REPORTABLE,gated,4,4,0,65,60,5,1,0
mock fallback — NOT REPORTABLE,gated,4,4,0,89,66,23,1,0
mock fallback — NOT REPORTABLE,gated,4,5,1,56,54,2,1,0
mock fallback — NOT REPORTABLE,gated,4,5,1,58,47,11,1,0
mock fallback — NOT REPORTABLE,gated,4,5,1,112,85,27,1,0
mock fallback — NOT REPORTABLE,gated,4,4,0,81,76,5,1,0
mock fallback — NOT REPORTABLE,gated,4,4,0,78,58,20,1,0
mock fallback — NOT REPORTABLE,gated,4,5,1,49,47,2,1,0
mock fallback — NOT REPORTABLE,gated,4,5,1,31,24,7,1,0
mock fallback — NOT REPORTABLE,gated,4,4,0,63,50,13,1,0
mock fallback — NOT REPORTABLE,gated,4,4,0,43,41,2,1,0
mock fallback — NOT REPORTABLE,gated,4,4,0,79,73,6,1,0
mock fallback — NOT REPORTABLE,gated,4,4,0,121,93,28,1,0
mock fallback — NOT REPORTABLE,gated,4,5,1,34,33,1,1,0
mock fallback — NOT REPORTABLE,gated,4,4,0,54,21,33,1,0
mock fallback — NOT REPORTABLE,gated,4,5,1,107,102,5,1,0
mock fallback — NOT REPORTABLE,gated,4,4,0,129,116,13,1,0
mock fallback — NOT REPORTABLE,gated,4,5,1,78,74,4,1,0
mock fallback — NOT REPORTABLE,gated,4,5,1,72,48,24,1,0
mock fallback — NOT REPORTABLE,gated,4,5,1,41,32,9,1,0
mock fallback — NOT REPORTABLE,gated,4,5,1,29,25,4,1,0
mock fallback — NOT REPORTABLE,gated,4,4,0,71,18,53,1,0
mock fallback — NOT REPORTABLE,gated,4,4,0,88,87,1,1,0
mock fallback — NOT REPORTABLE,gated,4,4,0,61,42,19,1,0
mock fallback — NOT REPORTABLE,gated,4,5,1,130,114,16,1,0
mock fallback — NOT REPORTABLE,gated,4,5,1,50,42,8,1,0
mock fallback — NOT REPORTABLE,gated,5,5,0,88,87,1,1,0
mock fallback — NOT REPORTABLE,gated,5,5,0,47,32,15,1,0
mock fallback — NOT REPORTABLE,gated,5,5,0,58,56,2,1,0
mock fallback — NOT REPORTABLE,gated,5,5,0,95,94,1,1,0
mock fallback — NOT REPORTABLE,gated,5,5,0,64,63,1,1,0
mock fallback — NOT REPORTABLE,gated,5,5,0,67,63,4,1,0
mock fallback — NOT REPORTABLE,gated,5,5,0,58,57,1,1,0
mock fallback — NOT REPORTABLE,gated,5,5,0,36,33,3,1,0
mock fallback — NOT REPORTABLE,gated,5,5,0,124,123,1,1,0
mock fallback — NOT REPORTABLE,gated,5,5,0,31,25,6,1,0
mock fallback — NOT REPORTABLE,gated,5,5,0,48,26,22,1,0
mock fallback — NOT REPORTABLE,gated,5,5,0,37,17,20,1,0
mock fallback — NOT REPORTABLE,gated,5,5,0,55,51,4,1,0
mock fallback — NOT REPORTABLE,gated,5,5,0,82,56,26,1,0
mock fallback — NOT REPORTABLE,gated,5,5,0,41,33,8,1,0
mock fallback — NOT REPORTABLE,gated,5,5,0,102,100,2,1,0
mock fallback — NOT REPORTABLE,gated,5,5,0,45,22,23,1,0
mock fallback — NOT REPORTABLE,gated,5,5,0,64,63,1,1,0
mock fallback — NOT REPORTABLE,gated,5,5,0,38,35,3,1,0
mock fallback — NOT REPORTABLE,gated,5,5,0,29,28,1,1,0
mock fallback — NOT REPORTABLE,gated,5,2,1,29,27,2,1,0
mock fallback — NOT REPORTABLE,gated,5,5,0,72,70,2,1,0
mock fallback — NOT REPORTABLE,gated,5,5,0,68,46,22,1,0
mock fallback — NOT REPORTABLE,gated,5,5,0,103,102,1,1,0
mock fallback — NOT REPORTABLE,gated,5,5,0,56,54,2,1,0
mock fallback — NOT REPORTABLE,gated,5,5,0,58,56,2,1,0
mock fallback — NOT REPORTABLE,gated,5,5,0,49,41,8,1,0
mock fallback — NOT REPORTABLE,gated,5,5,0,28,17,11,1,0
mock fallback — NOT REPORTABLE,gated,5,5,0,72,29,43,1,0
mock fallback — NOT REPORTABLE,gated,5,5,0,46,43,3,1,0
mock fallback — NOT REPORTABLE,gated,5,5,0,54,47,7,1,0
mock fallback — NOT REPORTABLE,gated,5,5,0,73,72,1,1,0
mock fallback — NOT REPORTABLE,gated,5,5,0,71,59,12,1,0
mock fallback — NOT REPORTABLE,gated,5,5,0,57,56,1,1,0
mock fallback — NOT REPORTABLE,gated,5,5,0,45,44,1,1,0
mock fallback — NOT REPORTABLE,gated,5,5,0,47,43,4,1,0
mock fallback — NOT REPORTABLE,gated,5,5,0,42,33,9,1,0
mock fallback — NOT REPORTABLE,gated,5,5,0,74,72,2,1,0
mock fallback — NOT REPORTABLE,gated,5,5,0,80,79,1,1,0
mock fallback — NOT REPORTABLE,gated,5,5,0,59,53,6,1,0
mock fallback — NOT REPORTABLE,gated,5,5,0,38,35,3,1,0
mock fallback — NOT REPORTABLE,gated,5,5,0,40,30,10,1,0
mock fallback — NOT REPORTABLE,gated,5,5,0,28,10,18,1,0
mock fallback — NOT REPORTABLE,gated,5,5,0,60,57,3,1,0
mock fallback — NOT REPORTABLE,gated,5,5,0,99,95,4,1,0
mock fallback — NOT REPORTABLE,gated,5,5,0,38,14,24,1,0
mock fallback — NOT REPORTABLE,gated,5,5,0,44,37,7,1,0
mock fallback — NOT REPORTABLE,gated,5,5,0,36,35,1,1,0
mock fallback — NOT REPORTABLE,gated,5,5,0,31,24,7,1,0
mock fallback — NOT REPORTABLE,gated,5,5,0,34,31,3,1,0
mock fallback — NOT REPORTABLE,gated,5,5,0,25,22,3,1,0
mock fallback — NOT REPORTABLE,gated,5,5,0,76,48,28,1,0
mock fallback — NOT REPORTABLE,gated,5,5,0,34,33,1,1,0
mock fallback — NOT REPORTABLE,gated,5,5,0,37,35,2,1,0
mock fallback — NOT REPORTABLE,gated,5,5,0,43,11,32,1,0
mock fallback — NOT REPORTABLE,gated,5,5,0,48,47,1,1,0
mock fallback — NOT REPORTABLE,gated,5,5,0,77,76,1,1,0
mock fallback — NOT REPORTABLE,gated,5,6,1,49,10,39,1,0
mock fallback — NOT REPORTABLE,gated,5,5,0,102,100,2,1,0
mock fallback — NOT REPORTABLE,gated,5,5,0,50,46,4,1,0
mock fallback — NOT REPORTABLE,gated,5,5,0,72,62,10,1,0
mock fallback — NOT REPORTABLE,gated,5,5,0,49,21,28,1,0
mock fallback — NOT REPORTABLE,gated,5,5,0,21,17,4,1,0
mock fallback — NOT REPORTABLE,gated,5,5,0,31,25,6,1,0
mock fallback — NOT REPORTABLE,gated,5,5,0,110,106,4,1,0
mock fallback — NOT REPORTABLE,gated,5,5,0,48,46,2,1,0
mock fallback — NOT REPORTABLE,gated,5,5,0,39,36,3,1,0
mock fallback — NOT REPORTABLE,gated,5,6,1,44,28,16,1,0
mock fallback — NOT REPORTABLE,gated,5,5,0,28,18,10,1,0
mock fallback — NOT REPORTABLE,gated,5,5,0,40,37,3,1,0
mock fallback — NOT REPORTABLE,gated,5,5,0,57,55,2,1,0
mock fallback — NOT REPORTABLE,gated,5,5,0,25,22,3,1,0
mock fallback — NOT REPORTABLE,gated,5,5,0,61,48,13,1,0
mock fallback — NOT REPORTABLE,gated,5,5,0,18,15,3,1,0
mock fallback — NOT REPORTABLE,gated,5,5,0,31,25,6,1,0
mock fallback — NOT REPORTABLE,gated,5,5,0,29,23,6,1,0
mock fallback — NOT REPORTABLE,gated,5,5,0,21,11,10,1,0
mock fallback — NOT REPORTABLE,gated,5,5,0,53,32,21,1,0
mock fallback — NOT REPORTABLE,gated,5,5,0,27,18,9,1,0
mock fallback — NOT REPORTABLE,gated,5,5,0,41,5,36,1,0
mock fallback — NOT REPORTABLE,gated,5,5,0,31,28,3,1,0
mock fallback — NOT REPORTABLE,gated,5,5,0,96,71,25,1,0
mock fallback — NOT REPORTABLE,gated,5,5,0,33,23,10,1,0
mock fallback — NOT REPORTABLE,gated,5,5,0,71,60,11,1,0
mock fallback — NOT REPORTABLE,gated,5,5,0,33,25,8,1,0
mock fallback — NOT REPORTABLE,gated,5,5,0,67,47,20,1,0
mock fallback — NOT REPORTABLE,gated,5,5,0,42,10,32,1,0
mock fallback — NOT REPORTABLE,gated,5,5,0,57,56,1,1,0
mock fallback — NOT REPORTABLE,gated,5,5,0,52,47,5,1,0
mock fallback — NOT REPORTABLE,gated,5,5,0,37,33,4,1,0
mock fallback — NOT REPORTABLE,gated,5,5,0,97,89,8,1,0
mock fallback — NOT REPORTABLE,gated,5,5,0,42,22,20,1,0
mock fallback — NOT REPORTABLE,gated,5,5,0,73,47,26,1,0
mock fallback — NOT REPORTABLE,gated,5,5,0,63,59,4,1,0
mock fallback — NOT REPORTABLE,gated,5,5,0,113,112,1,1,0
mock fallback — NOT REPORTABLE,gated,5,5,0,36,33,3,1,0
mock fallback — NOT REPORTABLE,gated,5,6,1,69,38,31,1,0
mock fallback — NOT REPORTABLE,gated,5,5,0,64,32,32,1,0
mock fallback — NOT REPORTABLE,gated,5,5,0,90,86,4,1,0
mock fallback — NOT REPORTABLE,gated,5,5,0,55,34,21,1,0
mock fallback — NOT REPORTABLE,gated,6,6,0,181,87,94,1,0
mock fallback — NOT REPORTABLE,gated,6,6,0,55,25,30,1,0
mock fallback — NOT REPORTABLE,gated,6,6,0,108,45,63,1,0
mock fallback — NOT REPORTABLE,gated,6,6,0,64,62,2,1,0
mock fallback — NOT REPORTABLE,gated,6,6,0,57,43,14,1,0
mock fallback — NOT REPORTABLE,gated,6,6,0,20,5,15,1,0
mock fallback — NOT REPORTABLE,gated,6,5,1,144,133,11,1,0
mock fallback — NOT REPORTABLE,gated,6,6,0,64,56,8,1,0
mock fallback — NOT REPORTABLE,gated,6,6,0,58,56,2,1,0
mock fallback — NOT REPORTABLE,gated,6,6,0,66,38,28,1,0
mock fallback — NOT REPORTABLE,gated,6,6,0,54,36,18,1,0
mock fallback — NOT REPORTABLE,gated,6,6,0,56,35,21,1,0
mock fallback — NOT REPORTABLE,gated,6,5,1,141,137,4,1,0
mock fallback — NOT REPORTABLE,gated,6,6,0,20,19,1,1,0
mock fallback — NOT REPORTABLE,gated,6,5,1,88,81,7,1,0
mock fallback — NOT REPORTABLE,gated,6,6,0,82,51,31,1,0
mock fallback — NOT REPORTABLE,gated,6,6,0,178,176,2,1,0
mock fallback — NOT REPORTABLE,gated,6,6,0,44,32,12,1,0
mock fallback — NOT REPORTABLE,gated,6,6,0,108,91,17,1,0
mock fallback — NOT REPORTABLE,gated,6,6,0,84,45,39,1,0
mock fallback — NOT REPORTABLE,gated,6,6,0,27,9,18,1,0
mock fallback — NOT REPORTABLE,gated,6,5,1,72,60,12,1,0
mock fallback — NOT REPORTABLE,gated,6,6,0,63,40,23,1,0
mock fallback — NOT REPORTABLE,gated,6,5,1,47,43,4,1,0
mock fallback — NOT REPORTABLE,gated,6,6,0,45,30,15,1,0
mock fallback — NOT REPORTABLE,gated,6,6,0,242,205,37,1,0
mock fallback — NOT REPORTABLE,gated,6,6,0,80,34,46,1,0
mock fallback — NOT REPORTABLE,gated,6,6,0,26,16,10,1,0
mock fallback — NOT REPORTABLE,gated,6,6,0,39,34,5,1,0
mock fallback — NOT REPORTABLE,gated,6,5,1,34,26,8,1,0
mock fallback — NOT REPORTABLE,gated,6,5,1,33,16,17,1,0
mock fallback — NOT REPORTABLE,gated,6,6,0,66,41,25,1,0
mock fallback — NOT REPORTABLE,gated,6,5,1,267,260,7,1,0
mock fallback — NOT REPORTABLE,gated,6,6,0,162,88,74,1,0
mock fallback — NOT REPORTABLE,gated,6,6,0,28,23,5,1,0
mock fallback — NOT REPORTABLE,gated,6,6,0,45,41,4,1,0
mock fallback — NOT REPORTABLE,gated,6,6,0,28,16,12,1,0
mock fallback — NOT REPORTABLE,gated,6,6,0,58,40,18,1,0
mock fallback — NOT REPORTABLE,gated,6,6,0,127,94,33,1,0
mock fallback — NOT REPORTABLE,gated,6,6,0,74,66,8,1,0
mock fallback — NOT REPORTABLE,gated,6,6,0,24,17,7,1,0
mock fallback — NOT REPORTABLE,gated,6,6,0,20,8,12,1,0
mock fallback — NOT REPORTABLE,gated,6,4,1,74,71,3,1,0
mock fallback — NOT REPORTABLE,gated,6,6,0,38,31,7,1,0
mock fallback — NOT REPORTABLE,gated,6,6,0,75,56,19,1,0
mock fallback — NOT REPORTABLE,gated,6,6,0,124,104,20,1,0
mock fallback — NOT REPORTABLE,gated,6,6,0,18,13,5,1,0
mock fallback — NOT REPORTABLE,gated,6,6,0,168,139,29,1,0
mock fallback — NOT REPORTABLE,gated,6,5,1,117,108,9,1,0
mock fallback — NOT REPORTABLE,gated,6,5,1,44,37,7,1,0
mock fallback — NOT REPORTABLE,gated,6,5,1,45,39,6,1,0
mock fallback — NOT REPORTABLE,gated,6,6,0,41,28,13,1,0
mock fallback — NOT REPORTABLE,gated,6,4,1,71,65,6,1,0
mock fallback — NOT REPORTABLE,gated,6,5,1,76,72,4,1,0
mock fallback — NOT REPORTABLE,gated,6,6,0,87,74,13,1,0
mock fallback — NOT REPORTABLE,gated,6,5,1,43,41,2,1,0
mock fallback — NOT REPORTABLE,gated,6,6,0,43,29,14,1,0
mock fallback — NOT REPORTABLE,gated,6,6,0,96,66,30,1,0
mock fallback — NOT REPORTABLE,gated,6,6,0,86,76,10,1,0
mock fallback — NOT REPORTABLE,gated,6,6,0,99,49,50,1,0
mock fallback — NOT REPORTABLE,gated,6,6,0,185,139,46,1,0
mock fallback — NOT REPORTABLE,gated,6,6,0,44,38,6,1,0
mock fallback — NOT REPORTABLE,gated,6,6,0,115,106,9,1,0
mock fallback — NOT REPORTABLE,gated,6,5,1,219,212,7,1,0
mock fallback — NOT REPORTABLE,gated,6,6,0,62,54,8,1,0
mock fallback — NOT REPORTABLE,gated,6,6,0,54,43,11,1,0
mock fallback — NOT REPORTABLE,gated,6,6,0,72,48,24,1,0
mock fallback — NOT REPORTABLE,gated,6,5,1,58,47,11,1,0
mock fallback — NOT REPORTABLE,gated,6,6,0,29,9,20,1,0
mock fallback — NOT REPORTABLE,gated,6,5,1,23,19,4,1,0
mock fallback — NOT REPORTABLE,gated,6,6,0,51,19,32,1,0
mock fallback — NOT REPORTABLE,gated,6,5,1,122,118,4,1,0
mock fallback — NOT REPORTABLE,gated,6,6,0,165,112,53,1,0
mock fallback — NOT REPORTABLE,gated,6,6,0,39,33,6,1,0
mock fallback — NOT REPORTABLE,gated,6,5,1,32,26,6,1,0
mock fallback — NOT REPORTABLE,gated,6,6,0,32,20,12,1,0
mock fallback — NOT REPORTABLE,gated,6,6,0,38,31,7,1,0
mock fallback — NOT REPORTABLE,gated,6,5,1,66,65,1,1,0
mock fallback — NOT REPORTABLE,gated,6,6,0,130,82,48,1,0
mock fallback — NOT REPORTABLE,gated,6,5,1,36,24,12,1,0
mock fallback — NOT REPORTABLE,gated,6,6,0,25,21,4,1,0
mock fallback — NOT REPORTABLE,gated,6,6,0,67,30,37,1,0
mock fallback — NOT REPORTABLE,gated,6,6,0,87,65,22,1,0
mock fallback — NOT REPORTABLE,gated,6,6,0,47,28,19,1,0
mock fallback — NOT REPORTABLE,gated,6,6,0,155,126,29,1,0
mock fallback — NOT REPORTABLE,gated,6,6,0,46,38,8,1,0
mock fallback — NOT REPORTABLE,gated,6,5,1,131,124,7,1,0
mock fallback — NOT REPORTABLE,gated,6,6,0,81,40,41,1,0
mock fallback — NOT REPORTABLE,gated,6,6,0,31,21,10,1,0
mock fallback — NOT REPORTABLE,gated,6,6,0,42,28,14,1,0
mock fallback — NOT REPORTABLE,gated,6,6,0,69,53,16,1,0
mock fallback — NOT REPORTABLE,gated,6,6,0,14,10,4,1,0
mock fallback — NOT REPORTABLE,gated,6,6,0,71,54,17,1,0
mock fallback — NOT REPORTABLE,gated,6,6,0,81,68,13,1,0
mock fallback — NOT REPORTABLE,gated,6,6,0,21,19,2,1,0
mock fallback — NOT REPORTABLE,gated,6,6,0,112,94,18,1,0
mock fallback — NOT REPORTABLE,gated,6,6,0,82,72,10,1,0
mock fallback — NOT REPORTABLE,gated,6,5,1,139,137,2,1,0
mock fallback — NOT REPORTABLE,gated,6,6,0,51,36,15,1,0
mock fallback — NOT REPORTABLE,gated,6,6,0,28,13,15,1,0
mock fallback — NOT REPORTABLE,oracle,1,2,1,18,0,18,1,0
mock fallback — NOT REPORTABLE,oracle,1,1,0,12,0,12,1,0
mock fallback — NOT REPORTABLE,oracle,1,1,0,18,0,18,1,0
mock fallback — NOT REPORTABLE,oracle,1,1,0,11,0,11,1,0
mock fallback — NOT REPORTABLE,oracle,1,1,0,22,0,22,1,0
mock fallback — NOT REPORTABLE,oracle,1,1,0,48,0,48,1,0
mock fallback — NOT REPORTABLE,oracle,1,1,0,31,0,31,1,0
mock fallback — NOT REPORTABLE,oracle,1,1,0,37,0,37,1,0
mock fallback — NOT REPORTABLE,oracle,1,1,0,31,0,31,1,0
mock fallback — NOT REPORTABLE,oracle,1,1,0,56,0,56,1,0
mock fallback — NOT REPORTABLE,oracle,1,1,0,17,0,17,1,0
mock fallback — NOT REPORTABLE,oracle,1,1,0,20,0,20,1,0
mock fallback — NOT REPORTABLE,oracle,1,1,0,5,0,5,1,0
mock fallback — NOT REPORTABLE,oracle,1,1,0,29,0,29,1,0
mock fallback — NOT REPORTABLE,oracle,1,1,0,68,0,68,1,0
mock fallback — NOT REPORTABLE,oracle,1,1,0,29,0,29,1,0
mock fallback — NOT REPORTABLE,oracle,1,1,0,34,0,34,1,0
mock fallback — NOT REPORTABLE,oracle,1,1,0,13,0,13,1,0
mock fallback — NOT REPORTABLE,oracle,1,1,0,33,0,33,1,0
mock fallback — NOT REPORTABLE,oracle,1,1,0,25,0,25,1,0
mock fallback — NOT REPORTABLE,oracle,1,1,0,48,0,48,1,0
mock fallback — NOT REPORTABLE,oracle,1,1,0,32,0,32,1,0
mock fallback — NOT REPORTABLE,oracle,1,1,0,36,0,36,1,0
mock fallback — NOT REPORTABLE,oracle,1,1,0,25,0,25,1,0
mock fallback — NOT REPORTABLE,oracle,1,1,0,29,0,29,1,0
mock fallback — NOT REPORTABLE,oracle,1,1,0,20,0,20,1,0
mock fallback — NOT REPORTABLE,oracle,1,1,0,50,0,50,1,0
mock fallback — NOT REPORTABLE,oracle,1,1,0,13,0,13,1,0
mock fallback — NOT REPORTABLE,oracle,1,1,0,14,0,14,1,0
mock fallback — NOT REPORTABLE,oracle,1,1,0,13,0,13,1,0
mock fallback — NOT REPORTABLE,oracle,1,1,0,33,0,33,1,0
mock fallback — NOT REPORTABLE,oracle,1,1,0,47,0,47,1,0
mock fallback — NOT REPORTABLE,oracle,1,1,0,27,0,27,1,0
mock fallback — NOT REPORTABLE,oracle,1,1,0,23,0,23,1,0
mock fallback — NOT REPORTABLE,oracle,1,1,0,33,0,33,1,0
mock fallback — NOT REPORTABLE,oracle,1,1,0,23,0,23,1,0
mock fallback — NOT REPORTABLE,oracle,1,1,0,44,0,44,1,0
mock fallback — NOT REPORTABLE,oracle,1,1,0,31,0,31,1,0
mock fallback — NOT REPORTABLE,oracle,1,1,0,85,0,85,1,0
mock fallback — NOT REPORTABLE,oracle,1,1,0,28,0,28,1,0
mock fallback — NOT REPORTABLE,oracle,1,1,0,31,0,31,1,0
mock fallback — NOT REPORTABLE,oracle,1,1,0,27,0,27,1,0
mock fallback — NOT REPORTABLE,oracle,1,1,0,12,0,12,1,0
mock fallback — NOT REPORTABLE,oracle,1,1,0,16,0,16,1,0
mock fallback — NOT REPORTABLE,oracle,1,1,0,32,0,32,1,0
mock fallback — NOT REPORTABLE,oracle,1,2,1,11,0,11,1,0
mock fallback — NOT REPORTABLE,oracle,1,1,0,34,0,34,1,0
mock fallback — NOT REPORTABLE,oracle,1,1,0,30,0,30,1,0
mock fallback — NOT REPORTABLE,oracle,1,1,0,34,0,34,1,0
mock fallback — NOT REPORTABLE,oracle,1,1,0,28,0,28,1,0
mock fallback — NOT REPORTABLE,oracle,1,1,0,29,0,29,1,0
mock fallback — NOT REPORTABLE,oracle,1,1,0,26,0,26,1,0
mock fallback — NOT REPORTABLE,oracle,1,1,0,17,0,17,1,0
mock fallback — NOT REPORTABLE,oracle,1,1,0,25,0,25,1,0
mock fallback — NOT REPORTABLE,oracle,1,1,0,48,0,48,1,0
mock fallback — NOT REPORTABLE,oracle,1,1,0,30,0,30,1,0
mock fallback — NOT REPORTABLE,oracle,1,1,0,83,0,83,1,0
mock fallback — NOT REPORTABLE,oracle,1,1,0,97,0,97,1,0
mock fallback — NOT REPORTABLE,oracle,1,1,0,13,0,13,1,0
mock fallback — NOT REPORTABLE,oracle,1,1,0,24,0,24,1,0
mock fallback — NOT REPORTABLE,oracle,1,1,0,11,0,11,1,0
mock fallback — NOT REPORTABLE,oracle,1,1,0,33,0,33,1,0
mock fallback — NOT REPORTABLE,oracle,1,1,0,44,0,44,1,0
mock fallback — NOT REPORTABLE,oracle,1,1,0,10,0,10,1,0
mock fallback — NOT REPORTABLE,oracle,1,1,0,16,0,16,1,0
mock fallback — NOT REPORTABLE,oracle,1,1,0,14,0,14,1,0
mock fallback — NOT REPORTABLE,oracle,1,1,0,31,0,31,1,0
mock fallback — NOT REPORTABLE,oracle,1,1,0,33,0,33,1,0
mock fallback — NOT REPORTABLE,oracle,1,1,0,16,0,16,1,0
mock fallback — NOT REPORTABLE,oracle,1,1,0,7,0,7,1,0
mock fallback — NOT REPORTABLE,oracle,1,1,0,26,0,26,1,0
mock fallback — NOT REPORTABLE,oracle,1,1,0,9,0,9,1,0
mock fallback — NOT REPORTABLE,oracle,1,1,0,10,0,10,1,0
mock fallback — NOT REPORTABLE,oracle,1,1,0,10,0,10,1,0
mock fallback — NOT REPORTABLE,oracle,1,1,0,54,0,54,1,0
mock fallback — NOT REPORTABLE,oracle,1,1,0,13,0,13,1,0
mock fallback — NOT REPORTABLE,oracle,1,1,0,44,0,44,1,0
mock fallback — NOT REPORTABLE,oracle,1,1,0,56,0,56,1,0
mock fallback — NOT REPORTABLE,oracle,1,1,0,24,0,24,1,0
mock fallback — NOT REPORTABLE,oracle,1,1,0,19,0,19,1,0
mock fallback — NOT REPORTABLE,oracle,1,1,0,34,0,34,1,0
mock fallback — NOT REPORTABLE,oracle,1,1,0,15,0,15,1,0
mock fallback — NOT REPORTABLE,oracle,1,1,0,25,0,25,1,0
mock fallback — NOT REPORTABLE,oracle,1,1,0,4,0,4,1,0
mock fallback — NOT REPORTABLE,oracle,1,1,0,14,0,14,1,0
mock fallback — NOT REPORTABLE,oracle,1,1,0,36,0,36,1,0
mock fallback — NOT REPORTABLE,oracle,1,1,0,18,0,18,1,0
mock fallback — NOT REPORTABLE,oracle,1,1,0,23,0,23,1,0
mock fallback — NOT REPORTABLE,oracle,1,1,0,8,0,8,1,0
mock fallback — NOT REPORTABLE,oracle,1,1,0,27,0,27,1,0
mock fallback — NOT REPORTABLE,oracle,1,1,0,16,0,16,1,0
mock fallback — NOT REPORTABLE,oracle,1,1,0,26,0,26,1,0
mock fallback — NOT REPORTABLE,oracle,1,1,0,27,0,27,1,0
mock fallback — NOT REPORTABLE,oracle,1,2,1,9,0,9,1,0
mock fallback — NOT REPORTABLE,oracle,1,2,1,39,0,39,1,0
mock fallback — NOT REPORTABLE,oracle,1,1,0,52,0,52,1,0
mock fallback — NOT REPORTABLE,oracle,1,1,0,36,0,36,1,0
mock fallback — NOT REPORTABLE,oracle,1,1,0,25,0,25,1,0
mock fallback — NOT REPORTABLE,oracle,1,1,0,64,0,64,1,0
mock fallback — NOT REPORTABLE,oracle,1,1,0,14,0,14,1,0
mock fallback — NOT REPORTABLE,oracle,2,2,0,19,0,19,1,0
mock fallback — NOT REPORTABLE,oracle,2,2,0,11,0,11,1,0
mock fallback — NOT REPORTABLE,oracle,2,2,0,19,0,19,1,0
mock fallback — NOT REPORTABLE,oracle,2,2,0,58,0,58,1,0
mock fallback — NOT REPORTABLE,oracle,2,2,0,15,0,15,1,0
mock fallback — NOT REPORTABLE,oracle,2,2,0,26,0,26,1,0
mock fallback — NOT REPORTABLE,oracle,2,2,0,22,0,22,1,0
mock fallback — NOT REPORTABLE,oracle,2,2,0,18,0,18,1,0
mock fallback — NOT REPORTABLE,oracle,2,2,0,27,0,27,1,0
mock fallback — NOT REPORTABLE,oracle,2,2,0,18,0,18,1,0
mock fallback — NOT REPORTABLE,oracle,2,2,0,17,0,17,1,0
mock fallback — NOT REPORTABLE,oracle,2,2,0,15,0,15,1,0
mock fallback — NOT REPORTABLE,oracle,2,2,0,28,0,28,1,0
mock fallback — NOT REPORTABLE,oracle,2,2,0,51,0,51,1,0
mock fallback — NOT REPORTABLE,oracle,2,2,0,19,0,19,1,0
mock fallback — NOT REPORTABLE,oracle,2,2,0,16,0,16,1,0
mock fallback — NOT REPORTABLE,oracle,2,2,0,36,0,36,1,0
mock fallback — NOT REPORTABLE,oracle,2,2,0,15,0,15,1,0
mock fallback — NOT REPORTABLE,oracle,2,2,0,26,0,26,1,0
mock fallback — NOT REPORTABLE,oracle,2,2,0,24,0,24,1,0
mock fallback — NOT REPORTABLE,oracle,2,2,0,22,0,22,1,0
mock fallback — NOT REPORTABLE,oracle,2,2,0,13,0,13,1,0
mock fallback — NOT REPORTABLE,oracle,2,2,0,15,0,15,1,0
mock fallback — NOT REPORTABLE,oracle,2,2,0,42,0,42,1,0
mock fallback — NOT REPORTABLE,oracle,2,2,0,10,0,10,1,0
mock fallback — NOT REPORTABLE,oracle,2,2,0,27,0,27,1,0
mock fallback — NOT REPORTABLE,oracle,2,2,0,20,0,20,1,0
mock fallback — NOT REPORTABLE,oracle,2,2,0,16,0,16,1,0
mock fallback — NOT REPORTABLE,oracle,2,2,0,27,0,27,1,0
mock fallback — NOT REPORTABLE,oracle,2,2,0,8,0,8,1,0
mock fallback — NOT REPORTABLE,oracle,2,2,0,20,0,20,1,0
mock fallback — NOT REPORTABLE,oracle,2,2,0,25,0,25,1,0
mock fallback — NOT REPORTABLE,oracle,2,2,0,23,0,23,1,0
mock fallback — NOT REPORTABLE,oracle,2,2,0,33,0,33,1,0
mock fallback — NOT REPORTABLE,oracle,2,2,0,16,0,16,1,0
mock fallback — NOT REPORTABLE,oracle,2,2,0,16,0,16,1,0
mock fallback — NOT REPORTABLE,oracle,2,2,0,18,0,18,1,0
mock fallback — NOT REPORTABLE,oracle,2,2,0,19,0,19,1,0
mock fallback — NOT REPORTABLE,oracle,2,2,0,13,0,13,1,0
mock fallback — NOT REPORTABLE,oracle,2,2,0,30,0,30,1,0
mock fallback — NOT REPORTABLE,oracle,2,2,0,15,0,15,1,0
mock fallback — NOT REPORTABLE,oracle,2,2,0,15,0,15,1,0
mock fallback — NOT REPORTABLE,oracle,2,2,0,14,0,14,1,0
mock fallback — NOT REPORTABLE,oracle,2,2,0,11,0,11,1,0
mock fallback — NOT REPORTABLE,oracle,2,2,0,16,0,16,1,0
mock fallback — NOT REPORTABLE,oracle,2,2,0,18,0,18,1,0
mock fallback — NOT REPORTABLE,oracle,2,2,0,15,0,15,1,0
mock fallback — NOT REPORTABLE,oracle,2,2,0,16,0,16,1,0
mock fallback — NOT REPORTABLE,oracle,2,2,0,16,0,16,1,0
mock fallback — NOT REPORTABLE,oracle,2,2,0,15,0,15,1,0
mock fallback — NOT REPORTABLE,oracle,2,2,0,13,0,13,1,0
mock fallback — NOT REPORTABLE,oracle,2,2,0,53,0,53,1,0
mock fallback — NOT REPORTABLE,oracle,2,2,0,15,0,15,1,0
mock fallback — NOT REPORTABLE,oracle,2,2,0,19,0,19,1,0
mock fallback — NOT REPORTABLE,oracle,2,2,0,19,0,19,1,0
mock fallback — NOT REPORTABLE,oracle,2,2,0,24,0,24,1,0
mock fallback — NOT REPORTABLE,oracle,2,2,0,31,0,31,1,0
mock fallback — NOT REPORTABLE,oracle,2,2,0,29,0,29,1,0
mock fallback — NOT REPORTABLE,oracle,2,2,0,17,0,17,1,0
mock fallback — NOT REPORTABLE,oracle,2,2,0,25,0,25,1,0
mock fallback — NOT REPORTABLE,oracle,2,2,0,15,0,15,1,0
mock fallback — NOT REPORTABLE,oracle,2,2,0,33,0,33,1,0
mock fallback — NOT REPORTABLE,oracle,2,2,0,18,0,18,1,0
mock fallback — NOT REPORTABLE,oracle,2,2,0,23,0,23,1,0
mock fallback — NOT REPORTABLE,oracle,2,2,0,26,0,26,1,0
mock fallback — NOT REPORTABLE,oracle,2,2,0,22,0,22,1,0
mock fallback — NOT REPORTABLE,oracle,2,2,0,32,0,32,1,0
mock fallback — NOT REPORTABLE,oracle,2,2,0,23,0,23,1,0
mock fallback — NOT REPORTABLE,oracle,2,2,0,15,0,15,1,0
mock fallback — NOT REPORTABLE,oracle,2,2,0,14,0,14,1,0
mock fallback — NOT REPORTABLE,oracle,2,2,0,13,0,13,1,0
mock fallback — NOT REPORTABLE,oracle,2,2,0,22,0,22,1,0
mock fallback — NOT REPORTABLE,oracle,2,2,0,26,0,26,1,0
mock fallback — NOT REPORTABLE,oracle,2,2,0,16,0,16,1,0
mock fallback — NOT REPORTABLE,oracle,2,2,0,15,0,15,1,0
mock fallback — NOT REPORTABLE,oracle,2,2,0,19,0,19,1,0
mock fallback — NOT REPORTABLE,oracle,2,2,0,13,0,13,1,0
mock fallback — NOT REPORTABLE,oracle,2,2,0,13,0,13,1,0
mock fallback — NOT REPORTABLE,oracle,2,2,0,20,0,20,1,0
mock fallback — NOT REPORTABLE,oracle,2,2,0,23,0,23,1,0
mock fallback — NOT REPORTABLE,oracle,2,2,0,16,0,16,1,0
mock fallback — NOT REPORTABLE,oracle,2,2,0,12,0,12,1,0
mock fallback — NOT REPORTABLE,oracle,2,2,0,22,0,22,1,0
mock fallback — NOT REPORTABLE,oracle,2,2,0,19,0,19,1,0
mock fallback — NOT REPORTABLE,oracle,2,2,0,34,0,34,1,0
mock fallback — NOT REPORTABLE,oracle,2,2,0,28,0,28,1,0
mock fallback — NOT REPORTABLE,oracle,2,2,0,14,0,14,1,0
mock fallback — NOT REPORTABLE,oracle,2,2,0,15,0,15,1,0
mock fallback — NOT REPORTABLE,oracle,2,2,0,24,0,24,1,0
mock fallback — NOT REPORTABLE,oracle,2,2,0,27,0,27,1,0
mock fallback — NOT REPORTABLE,oracle,2,1,1,16,0,16,1,0
mock fallback — NOT REPORTABLE,oracle,2,2,0,20,0,20,1,0
mock fallback — NOT REPORTABLE,oracle,2,2,0,27,0,27,1,0
mock fallback — NOT REPORTABLE,oracle,2,2,0,23,0,23,1,0
mock fallback — NOT REPORTABLE,oracle,2,2,0,25,0,25,1,0
mock fallback — NOT REPORTABLE,oracle,2,2,0,31,0,31,1,0
mock fallback — NOT REPORTABLE,oracle,2,1,1,15,0,15,1,0
mock fallback — NOT REPORTABLE,oracle,2,2,0,15,0,15,1,0
mock fallback — NOT REPORTABLE,oracle,2,2,0,19,0,19,1,0
mock fallback — NOT REPORTABLE,oracle,2,2,0,35,0,35,1,0
mock fallback — NOT REPORTABLE,oracle,3,2,1,50,0,50,1,0
mock fallback — NOT REPORTABLE,oracle,3,3,0,100,0,100,1,0
mock fallback — NOT REPORTABLE,oracle,3,3,0,51,0,51,1,0
mock fallback — NOT REPORTABLE,oracle,3,2,1,59,0,59,1,0
mock fallback — NOT REPORTABLE,oracle,3,3,0,26,0,26,1,0
mock fallback — NOT REPORTABLE,oracle,3,3,0,37,0,37,1,0
mock fallback — NOT REPORTABLE,oracle,3,3,0,71,0,71,1,0
mock fallback — NOT REPORTABLE,oracle,3,3,0,91,0,91,1,0
mock fallback — NOT REPORTABLE,oracle,3,2,1,11,0,11,1,0
mock fallback — NOT REPORTABLE,oracle,3,2,1,55,0,55,1,0
mock fallback — NOT REPORTABLE,oracle,3,3,0,61,0,61,1,0
mock fallback — NOT REPORTABLE,oracle,3,2,1,33,0,33,1,0
mock fallback — NOT REPORTABLE,oracle,3,3,0,152,0,152,1,0
mock fallback — NOT REPORTABLE,oracle,3,2,1,40,0,40,1,0
mock fallback — NOT REPORTABLE,oracle,3,2,1,19,0,19,1,0
mock fallback — NOT REPORTABLE,oracle,3,2,1,19,0,19,1,0
mock fallback — NOT REPORTABLE,oracle,3,2,1,8,0,8,1,0
mock fallback — NOT REPORTABLE,oracle,3,4,1,27,0,27,1,0
mock fallback — NOT REPORTABLE,oracle,3,3,0,33,0,33,1,0
mock fallback — NOT REPORTABLE,oracle,3,2,1,22,0,22,1,0
mock fallback — NOT REPORTABLE,oracle,3,2,1,37,0,37,1,0
mock fallback — NOT REPORTABLE,oracle,3,3,0,81,0,81,1,0
mock fallback — NOT REPORTABLE,oracle,3,3,0,41,0,41,1,0
mock fallback — NOT REPORTABLE,oracle,3,4,1,42,0,42,1,0
mock fallback — NOT REPORTABLE,oracle,3,2,1,25,0,25,1,0
mock fallback — NOT REPORTABLE,oracle,3,3,0,29,0,29,1,0
mock fallback — NOT REPORTABLE,oracle,3,2,1,9,0,9,1,0
mock fallback — NOT REPORTABLE,oracle,3,3,0,102,0,102,1,0
mock fallback — NOT REPORTABLE,oracle,3,3,0,33,0,33,1,0
mock fallback — NOT REPORTABLE,oracle,3,3,0,69,0,69,1,0
mock fallback — NOT REPORTABLE,oracle,3,2,1,36,0,36,1,0
mock fallback — NOT REPORTABLE,oracle,3,2,1,40,0,40,1,0
mock fallback — NOT REPORTABLE,oracle,3,2,1,32,0,32,1,0
mock fallback — NOT REPORTABLE,oracle,3,2,1,18,0,18,1,0
mock fallback — NOT REPORTABLE,oracle,3,4,1,9,0,9,1,0
mock fallback — NOT REPORTABLE,oracle,3,3,0,27,0,27,1,0
mock fallback — NOT REPORTABLE,oracle,3,3,0,39,0,39,1,0
mock fallback — NOT REPORTABLE,oracle,3,2,1,52,0,52,1,0
mock fallback — NOT REPORTABLE,oracle,3,2,1,56,0,56,1,0
mock fallback — NOT REPORTABLE,oracle,3,3,0,43,0,43,1,0
mock fallback — NOT REPORTABLE,oracle,3,2,1,35,0,35,1,0
mock fallback — NOT REPORTABLE,oracle,3,3,0,39,0,39,1,0
mock fallback — NOT REPORTABLE,oracle,3,3,0,66,0,66,1,0
mock fallback — NOT REPORTABLE,oracle,3,2,1,16,0,16,1,0
mock fallback — NOT REPORTABLE,oracle,3,2,1,20,0,20,1,0
mock fallback — NOT REPORTABLE,oracle,3,2,1,16,0,16,1,0
mock fallback — NOT REPORTABLE,oracle,3,2,1,40,0,40,1,0
mock fallback — NOT REPORTABLE,oracle,3,3,0,19,0,19,1,0
mock fallback — NOT REPORTABLE,oracle,3,4,1,47,0,47,1,0
mock fallback — NOT REPORTABLE,oracle,3,2,1,13,0,13,1,0
mock fallback — NOT REPORTABLE,oracle,3,3,0,29,0,29,1,0
mock fallback — NOT REPORTABLE,oracle,3,2,1,9,0,9,1,0
mock fallback — NOT REPORTABLE,oracle,3,2,1,32,0,32,1,0
mock fallback — NOT REPORTABLE,oracle,3,3,0,36,0,36,1,0
mock fallback — NOT REPORTABLE,oracle,3,2,1,15,0,15,1,0
mock fallback — NOT REPORTABLE,oracle,3,2,1,45,0,45,1,0
mock fallback — NOT REPORTABLE,oracle,3,2,1,44,0,44,1,0
mock fallback — NOT REPORTABLE,oracle,3,4,1,30,0,30,1,0
mock fallback — NOT REPORTABLE,oracle,3,2,1,52,0,52,1,0
mock fallback — NOT REPORTABLE,oracle,3,4,1,11,0,11,1,0
mock fallback — NOT REPORTABLE,oracle,3,3,0,35,0,35,1,0
mock fallback — NOT REPORTABLE,oracle,3,3,0,43,0,43,1,0
mock fallback — NOT REPORTABLE,oracle,3,2,1,14,0,14,1,0
mock fallback — NOT REPORTABLE,oracle,3,3,0,37,0,37,1,0
mock fallback — NOT REPORTABLE,oracle,3,4,1,42,0,42,1,0
mock fallback — NOT REPORTABLE,oracle,3,2,1,65,0,65,1,0
mock fallback — NOT REPORTABLE,oracle,3,2,1,22,0,22,1,0
mock fallback — NOT REPORTABLE,oracle,3,3,0,20,0,20,1,0
mock fallback — NOT REPORTABLE,oracle,3,3,0,40,0,40,1,0
mock fallback — NOT REPORTABLE,oracle,3,4,1,19,0,19,1,0
mock fallback — NOT REPORTABLE,oracle,3,2,1,10,0,10,1,0
mock fallback — NOT REPORTABLE,oracle,3,3,0,41,0,41,1,0
mock fallback — NOT REPORTABLE,oracle,3,2,1,25,0,25,1,0
mock fallback — NOT REPORTABLE,oracle,3,2,1,112,0,112,1,0
mock fallback — NOT REPORTABLE,oracle,3,3,0,52,0,52,1,0
mock fallback — NOT REPORTABLE,oracle,3,2,1,16,0,16,1,0
mock fallback — NOT REPORTABLE,oracle,3,3,0,45,0,45,1,0
mock fallback — NOT REPORTABLE,oracle,3,2,1,143,0,143,1,0
mock fallback — NOT REPORTABLE,oracle,3,2,1,9,0,9,1,0
mock fallback — NOT REPORTABLE,oracle,3,2,1,22,0,22,1,0
mock fallback — NOT REPORTABLE,oracle,3,3,0,23,0,23,1,0
mock fallback — NOT REPORTABLE,oracle,3,2,1,8,0,8,1,0
mock fallback — NOT REPORTABLE,oracle,3,3,0,48,0,48,1,0
mock fallback — NOT REPORTABLE,oracle,3,2,1,14,0,14,1,0
mock fallback — NOT REPORTABLE,oracle,3,3,0,69,0,69,1,0
mock fallback — NOT REPORTABLE,oracle,3,2,1,23,0,23,1,0
mock fallback — NOT REPORTABLE,oracle,3,2,1,60,0,60,1,0
mock fallback — NOT REPORTABLE,oracle,3,3,0,21,0,21,1,0
mock fallback — NOT REPORTABLE,oracle,3,3,0,24,0,24,1,0
mock fallback — NOT REPORTABLE,oracle,3,2,1,14,0,14,1,0
mock fallback — NOT REPORTABLE,oracle,3,2,1,39,0,39,1,0
mock fallback — NOT REPORTABLE,oracle,3,3,0,53,0,53,1,0
mock fallback — NOT REPORTABLE,oracle,3,4,1,18,0,18,1,0
mock fallback — NOT REPORTABLE,oracle,3,3,0,21,0,21,1,0
mock fallback — NOT REPORTABLE,oracle,3,3,0,66,0,66,1,0
mock fallback — NOT REPORTABLE,oracle,3,2,1,16,0,16,1,0
mock fallback — NOT REPORTABLE,oracle,3,2,1,33,0,33,1,0
mock fallback — NOT REPORTABLE,oracle,3,3,0,74,0,74,1,0
mock fallback — NOT REPORTABLE,oracle,3,3,0,51,0,51,1,0
mock fallback — NOT REPORTABLE,oracle,3,2,1,37,0,37,1,0
mock fallback — NOT REPORTABLE,oracle,4,5,1,12,0,12,1,0
mock fallback — NOT REPORTABLE,oracle,4,4,0,20,0,20,1,0
mock fallback — NOT REPORTABLE,oracle,4,4,0,14,0,14,1,0
mock fallback — NOT REPORTABLE,oracle,4,4,0,39,0,39,1,0
mock fallback — NOT REPORTABLE,oracle,4,5,1,10,0,10,1,0
mock fallback — NOT REPORTABLE,oracle,4,5,1,14,0,14,1,0
mock fallback — NOT REPORTABLE,oracle,4,5,1,43,0,43,1,0
mock fallback — NOT REPORTABLE,oracle,4,5,1,14,0,14,1,0
mock fallback — NOT REPORTABLE,oracle,4,5,1,35,0,35,1,0
mock fallback — NOT REPORTABLE,oracle,4,5,1,8,0,8,1,0
mock fallback — NOT REPORTABLE,oracle,4,4,0,25,0,25,1,0
mock fallback — NOT REPORTABLE,oracle,4,4,0,33,0,33,1,0
mock fallback — NOT REPORTABLE,oracle,4,4,0,42,0,42,1,0
mock fallback — NOT REPORTABLE,oracle,4,4,0,17,0,17,1,0
mock fallback — NOT REPORTABLE,oracle,4,5,1,74,0,74,1,0
mock fallback — NOT REPORTABLE,oracle,4,5,1,11,0,11,1,0
mock fallback — NOT REPORTABLE,oracle,4,4,0,22,0,22,1,0
mock fallback — NOT REPORTABLE,oracle,4,5,1,22,0,22,1,0
mock fallback — NOT REPORTABLE,oracle,4,4,0,16,0,16,1,0
mock fallback — NOT REPORTABLE,oracle,4,5,1,16,0,16,1,0
mock fallback — NOT REPORTABLE,oracle,4,4,0,11,0,11,1,0
mock fallback — NOT REPORTABLE,oracle,4,5,1,11,0,11,1,0
mock fallback — NOT REPORTABLE,oracle,4,5,1,11,0,11,1,0
mock fallback — NOT REPORTABLE,oracle,4,4,0,31,0,31,1,0
mock fallback — NOT REPORTABLE,oracle,4,5,1,13,0,13,1,0
mock fallback — NOT REPORTABLE,oracle,4,5,1,17,0,17,1,0
mock fallback — NOT REPORTABLE,oracle,4,5,1,10,0,10,1,0
mock fallback — NOT REPORTABLE,oracle,4,4,0,38,0,38,1,0
mock fallback — NOT REPORTABLE,oracle,4,4,0,10,0,10,1,0
mock fallback — NOT REPORTABLE,oracle,4,5,1,18,0,18,1,0
mock fallback — NOT REPORTABLE,oracle,4,4,0,12,0,12,1,0
mock fallback — NOT REPORTABLE,oracle,4,5,1,10,0,10,1,0
mock fallback — NOT REPORTABLE,oracle,4,4,0,16,0,16,1,0
mock fallback — NOT REPORTABLE,oracle,4,4,0,17,0,17,1,0
mock fallback — NOT REPORTABLE,oracle,4,5,1,14,0,14,1,0
mock fallback — NOT REPORTABLE,oracle,4,5,1,24,0,24,1,0
mock fallback — NOT REPORTABLE,oracle,4,4,0,31,0,31,1,0
mock fallback — NOT REPORTABLE,oracle,4,4,0,28,0,28,1,0
mock fallback — NOT REPORTABLE,oracle,4,4,0,16,0,16,1,0
mock fallback — NOT REPORTABLE,oracle,4,5,1,15,0,15,1,0
mock fallback — NOT REPORTABLE,oracle,4,4,0,31,0,31,1,0
mock fallback — NOT REPORTABLE,oracle,4,5,1,11,0,11,1,0
mock fallback — NOT REPORTABLE,oracle,4,4,0,21,0,21,1,0
mock fallback — NOT REPORTABLE,oracle,4,5,1,8,0,8,1,0
mock fallback — NOT REPORTABLE,oracle,4,5,1,21,0,21,1,0
mock fallback — NOT REPORTABLE,oracle,4,4,0,15,0,15,1,0
mock fallback — NOT REPORTABLE,oracle,4,4,0,7,0,7,1,0
mock fallback — NOT REPORTABLE,oracle,4,5,1,7,0,7,1,0
mock fallback — NOT REPORTABLE,oracle,4,5,1,9,0,9,1,0
mock fallback — NOT REPORTABLE,oracle,4,4,0,15,0,15,1,0
mock fallback — NOT REPORTABLE,oracle,4,5,1,21,0,21,1,0
mock fallback — NOT REPORTABLE,oracle,4,5,1,12,0,12,1,0
mock fallback — NOT REPORTABLE,oracle,4,5,1,16,0,16,1,0
mock fallback — NOT REPORTABLE,oracle,4,4,0,19,0,19,1,0
mock fallback — NOT REPORTABLE,oracle,4,4,0,9,0,9,1,0
mock fallback — NOT REPORTABLE,oracle,4,5,1,10,0,10,1,0
mock fallback — NOT REPORTABLE,oracle,4,4,0,26,0,26,1,0
mock fallback — NOT REPORTABLE,oracle,4,5,1,55,0,55,1,0
mock fallback — NOT REPORTABLE,oracle,4,5,1,11,0,11,1,0
mock fallback — NOT REPORTABLE,oracle,4,5,1,23,0,23,1,0
mock fallback — NOT REPORTABLE,oracle,4,4,0,13,0,13,1,0
mock fallback — NOT REPORTABLE,oracle,4,5,1,42,0,42,1,0
mock fallback — NOT REPORTABLE,oracle,4,4,0,33,0,33,1,0
mock fallback — NOT REPORTABLE,oracle,4,5,1,45,0,45,1,0
mock fallback — NOT REPORTABLE,oracle,4,5,1,15,0,15,1,0
mock fallback — NOT REPORTABLE,oracle,4,5,1,33,0,33,1,0
mock fallback — NOT REPORTABLE,oracle,4,5,1,34,0,34,1,0
mock fallback — NOT REPORTABLE,oracle,4,5,1,27,0,27,1,0
mock fallback — NOT REPORTABLE,oracle,4,4,0,34,0,34,1,0
mock fallback — NOT REPORTABLE,oracle,4,4,0,31,0,31,1,0
mock fallback — NOT REPORTABLE,oracle,4,4,0,22,0,22,1,0
mock fallback — NOT REPORTABLE,oracle,4,5,1,30,0,30,1,0
mock fallback — NOT REPORTABLE,oracle,4,4,0,20,0,20,1,0
mock fallback — NOT REPORTABLE,oracle,4,4,0,28,0,28,1,0
mock fallback — NOT REPORTABLE,oracle,4,5,1,6,0,6,1,0
mock fallback — NOT REPORTABLE,oracle,4,5,1,34,0,34,1,0
mock fallback — NOT REPORTABLE,oracle,4,4,0,38,0,38,1,0
mock fallback — NOT REPORTABLE,oracle,4,4,0,20,0,20,1,0
mock fallback — NOT REPORTABLE,oracle,4,4,0,113,0,113,1,0
mock fallback — NOT REPORTABLE,oracle,4,5,1,18,0,18,1,0
mock fallback — NOT REPORTABLE,oracle,4,5,1,8,0,8,1,0
mock fallback — NOT REPORTABLE,oracle,4,5,1,11,0,11,1,0
mock fallback — NOT REPORTABLE,oracle,4,4,0,17,0,17,1,0
mock fallback — NOT REPORTABLE,oracle,4,4,0,28,0,28,1,0
mock fallback — NOT REPORTABLE,oracle,4,5,1,18,0,18,1,0
mock fallback — NOT REPORTABLE,oracle,4,5,1,7,0,7,1,0
mock fallback — NOT REPORTABLE,oracle,4,4,0,15,0,15,1,0
mock fallback — NOT REPORTABLE,oracle,4,5,1,75,0,75,1,0
mock fallback — NOT REPORTABLE,oracle,4,5,1,32,0,32,1,0
mock fallback — NOT REPORTABLE,oracle,4,5,1,13,0,13,1,0
mock fallback — NOT REPORTABLE,oracle,4,5,1,22,0,22,1,0
mock fallback — NOT REPORTABLE,oracle,4,5,1,15,0,15,1,0
mock fallback — NOT REPORTABLE,oracle,4,5,1,18,0,18,1,0
mock fallback — NOT REPORTABLE,oracle,4,4,0,28,0,28,1,0
mock fallback — NOT REPORTABLE,oracle,4,5,1,17,0,17,1,0
mock fallback — NOT REPORTABLE,oracle,4,4,0,103,0,103,1,0
mock fallback — NOT REPORTABLE,oracle,4,4,0,55,0,55,1,0
mock fallback — NOT REPORTABLE,oracle,4,4,0,21,0,21,1,0
mock fallback — NOT REPORTABLE,oracle,4,5,1,16,0,16,1,0
mock fallback — NOT REPORTABLE,oracle,4,5,1,29,0,29,1,0
mock fallback — NOT REPORTABLE,oracle,5,5,0,19,0,19,1,0
mock fallback — NOT REPORTABLE,oracle,5,5,0,12,0,12,1,0
mock fallback — NOT REPORTABLE,oracle,5,5,0,15,0,15,1,0
mock fallback — NOT REPORTABLE,oracle,5,5,0,24,0,24,1,0
mock fallback — NOT REPORTABLE,oracle,5,5,0,27,0,27,1,0
mock fallback — NOT REPORTABLE,oracle,5,5,0,17,0,17,1,0
mock fallback — NOT REPORTABLE,oracle,5,6,1,8,0,8,1,0
mock fallback — NOT REPORTABLE,oracle,5,6,1,30,0,30,1,0
mock fallback — NOT REPORTABLE,oracle,5,5,0,15,0,15,1,0
mock fallback — NOT REPORTABLE,oracle,5,5,0,40,0,40,1,0
mock fallback — NOT REPORTABLE,oracle,5,5,0,16,0,16,1,0
mock fallback — NOT REPORTABLE,oracle,5,5,0,14,0,14,1,0
mock fallback — NOT REPORTABLE,oracle,5,5,0,22,0,22,1,0
mock fallback — NOT REPORTABLE,oracle,5,5,0,16,0,16,1,0
mock fallback — NOT REPORTABLE,oracle,5,5,0,23,0,23,1,0
mock fallback — NOT REPORTABLE,oracle,5,5,0,50,0,50,1,0
mock fallback — NOT REPORTABLE,oracle,5,4,1,10,0,10,1,0
mock fallback — NOT REPORTABLE,oracle,5,5,0,18,0,18,1,0
mock fallback — NOT REPORTABLE,oracle,5,5,0,19,0,19,1,0
mock fallback — NOT REPORTABLE,oracle,5,5,0,30,0,30,1,0
mock fallback — NOT REPORTABLE,oracle,5,6,1,120,0,120,1,0
mock fallback — NOT REPORTABLE,oracle,5,5,0,48,0,48,1,0
mock fallback — NOT REPORTABLE,oracle,5,5,0,26,0,26,1,0
mock fallback — NOT REPORTABLE,oracle,5,5,0,19,0,19,1,0
mock fallback — NOT REPORTABLE,oracle,5,6,1,29,0,29,1,0
mock fallback — NOT REPORTABLE,oracle,5,5,0,22,0,22,1,0
mock fallback — NOT REPORTABLE,oracle,5,5,0,35,0,35,1,0
mock fallback — NOT REPORTABLE,oracle,5,5,0,11,0,11,1,0
mock fallback — NOT REPORTABLE,oracle,5,5,0,21,0,21,1,0
mock fallback — NOT REPORTABLE,oracle,5,5,0,23,0,23,1,0
mock fallback — NOT REPORTABLE,oracle,5,5,0,12,0,12,1,0
mock fallback — NOT REPORTABLE,oracle,5,5,0,21,0,21,1,0
mock fallback — NOT REPORTABLE,oracle,5,5,0,23,0,23,1,0
mock fallback — NOT REPORTABLE,oracle,5,5,0,24,0,24,1,0
mock fallback — NOT REPORTABLE,oracle,5,5,0,26,0,26,1,0
mock fallback — NOT REPORTABLE,oracle,5,5,0,55,0,55,1,0
mock fallback — NOT REPORTABLE,oracle,5,5,0,10,0,10,1,0
mock fallback — NOT REPORTABLE,oracle,5,6,1,36,0,36,1,0
mock fallback — NOT REPORTABLE,oracle,5,5,0,25,0,25,1,0
mock fallback — NOT REPORTABLE,oracle,5,5,0,11,0,11,1,0
mock fallback — NOT REPORTABLE,oracle,5,5,0,63,0,63,1,0
mock fallback — NOT REPORTABLE,oracle,5,5,0,28,0,28,1,0
mock fallback — NOT REPORTABLE,oracle,5,5,0,25,0,25,1,0
mock fallback — NOT REPORTABLE,oracle,5,5,0,34,0,34,1,0
mock fallback — NOT REPORTABLE,oracle,5,5,0,43,0,43,1,0
mock fallback — NOT REPORTABLE,oracle,5,5,0,15,0,15,1,0
mock fallback — NOT REPORTABLE,oracle,5,6,1,26,0,26,1,0
mock fallback — NOT REPORTABLE,oracle,5,5,0,22,0,22,1,0
mock fallback — NOT REPORTABLE,oracle,5,5,0,17,0,17,1,0
mock fallback — NOT REPORTABLE,oracle,5,5,0,123,0,123,1,0
mock fallback — NOT REPORTABLE,oracle,5,5,0,29,0,29,1,0
mock fallback — NOT REPORTABLE,oracle,5,5,0,39,0,39,1,0
mock fallback — NOT REPORTABLE,oracle,5,5,0,36,0,36,1,0
mock fallback — NOT REPORTABLE,oracle,5,5,0,18,0,18,1,0
mock fallback — NOT REPORTABLE,oracle,5,5,0,23,0,23,1,0
mock fallback — NOT REPORTABLE,oracle,5,5,0,34,0,34,1,0
mock fallback — NOT REPORTABLE,oracle,5,5,0,51,0,51,1,0
mock fallback — NOT REPORTABLE,oracle,5,5,0,15,0,15,1,0
mock fallback — NOT REPORTABLE,oracle,5,5,0,47,0,47,1,0
mock fallback — NOT REPORTABLE,oracle,5,5,0,31,0,31,1,0
mock fallback — NOT REPORTABLE,oracle,5,5,0,33,0,33,1,0
mock fallback — NOT REPORTABLE,oracle,5,5,0,49,0,49,1,0
mock fallback — NOT REPORTABLE,oracle,5,5,0,14,0,14,1,0
mock fallback — NOT REPORTABLE,oracle,5,5,0,23,0,23,1,0
mock fallback — NOT REPORTABLE,oracle,5,5,0,23,0,23,1,0
mock fallback — NOT REPORTABLE,oracle,5,5,0,24,0,24,1,0
mock fallback — NOT REPORTABLE,oracle,5,5,0,45,0,45,1,0
mock fallback — NOT REPORTABLE,oracle,5,5,0,22,0,22,1,0
mock fallback — NOT REPORTABLE,oracle,5,5,0,75,0,75,1,0
mock fallback — NOT REPORTABLE,oracle,5,6,1,15,0,15,1,0
mock fallback — NOT REPORTABLE,oracle,5,5,0,26,0,26,1,0
mock fallback — NOT REPORTABLE,oracle,5,5,0,15,0,15,1,0
mock fallback — NOT REPORTABLE,oracle,5,6,1,34,0,34,1,0
mock fallback — NOT REPORTABLE,oracle,5,5,0,10,0,10,1,0
mock fallback — NOT REPORTABLE,oracle,5,5,0,23,0,23,1,0
mock fallback — NOT REPORTABLE,oracle,5,5,0,18,0,18,1,0
mock fallback — NOT REPORTABLE,oracle,5,5,0,16,0,16,1,0
mock fallback — NOT REPORTABLE,oracle,5,5,0,21,0,21,1,0
mock fallback — NOT REPORTABLE,oracle,5,5,0,16,0,16,1,0
mock fallback — NOT REPORTABLE,oracle,5,5,0,8,0,8,1,0
mock fallback — NOT REPORTABLE,oracle,5,6,1,5,0,5,1,0
mock fallback — NOT REPORTABLE,oracle,5,5,0,8,0,8,1,0
mock fallback — NOT REPORTABLE,oracle,5,5,0,34,0,34,1,0
mock fallback — NOT REPORTABLE,oracle,5,6,1,32,0,32,1,0
mock fallback — NOT REPORTABLE,oracle,5,5,0,21,0,21,1,0
mock fallback — NOT REPORTABLE,oracle,5,5,0,13,0,13,1,0
mock fallback — NOT REPORTABLE,oracle,5,5,0,18,0,18,1,0
mock fallback — NOT REPORTABLE,oracle,5,5,0,50,0,50,1,0
mock fallback — NOT REPORTABLE,oracle,5,5,0,23,0,23,1,0
mock fallback — NOT REPORTABLE,oracle,5,5,0,12,0,12,1,0
mock fallback — NOT REPORTABLE,oracle,5,5,0,30,0,30,1,0
mock fallback — NOT REPORTABLE,oracle,5,5,0,23,0,23,1,0
mock fallback — NOT REPORTABLE,oracle,5,5,0,55,0,55,1,0
mock fallback — NOT REPORTABLE,oracle,5,5,0,30,0,30,1,0
mock fallback — NOT REPORTABLE,oracle,5,5,0,66,0,66,1,0
mock fallback — NOT REPORTABLE,oracle,5,5,0,24,0,24,1,0
mock fallback — NOT REPORTABLE,oracle,5,5,0,11,0,11,1,0
mock fallback — NOT REPORTABLE,oracle,5,5,0,23,0,23,1,0
mock fallback — NOT REPORTABLE,oracle,5,5,0,28,0,28,1,0
mock fallback — NOT REPORTABLE,oracle,5,5,0,15,0,15,1,0
mock fallback — NOT REPORTABLE,oracle,6,6,0,31,0,31,1,0
mock fallback — NOT REPORTABLE,oracle,6,6,0,20,0,20,1,0
mock fallback — NOT REPORTABLE,oracle,6,6,0,7,0,7,1,0
mock fallback — NOT REPORTABLE,oracle,6,6,0,18,0,18,1,0
mock fallback — NOT REPORTABLE,oracle,6,6,0,11,0,11,1,0
mock fallback — NOT REPORTABLE,oracle,6,6,0,15,0,15,1,0
mock fallback — NOT REPORTABLE,oracle,6,6,0,13,0,13,1,0
mock fallback — NOT REPORTABLE,oracle,6,6,0,33,0,33,1,0
mock fallback — NOT REPORTABLE,oracle,6,6,0,24,0,24,1,0
mock fallback — NOT REPORTABLE,oracle,6,6,0,11,0,11,1,0
mock fallback — NOT REPORTABLE,oracle,6,6,0,28,0,28,1,0
mock fallback — NOT REPORTABLE,oracle,6,6,0,53,0,53,1,0
mock fallback — NOT REPORTABLE,oracle,6,6,0,27,0,27,1,0
mock fallback — NOT REPORTABLE,oracle,6,6,0,10,0,10,1,0
mock fallback — NOT REPORTABLE,oracle,6,6,0,8,0,8,1,0
mock fallback — NOT REPORTABLE,oracle,6,6,0,29,0,29,1,0
mock fallback — NOT REPORTABLE,oracle,6,6,0,23,0,23,1,0
mock fallback — NOT REPORTABLE,oracle,6,6,0,22,0,22,1,0
mock fallback — NOT REPORTABLE,oracle,6,6,0,10,0,10,1,0
mock fallback — NOT REPORTABLE,oracle,6,6,0,10,0,10,1,0
mock fallback — NOT REPORTABLE,oracle,6,6,0,15,0,15,1,0
mock fallback — NOT REPORTABLE,oracle,6,6,0,7,0,7,1,0
mock fallback — NOT REPORTABLE,oracle,6,6,0,12,0,12,1,0
mock fallback — NOT REPORTABLE,oracle,6,6,0,6,0,6,1,0
mock fallback — NOT REPORTABLE,oracle,6,6,0,21,0,21,1,0
mock fallback — NOT REPORTABLE,oracle,6,6,0,20,0,20,1,0
mock fallback — NOT REPORTABLE,oracle,6,6,0,37,0,37,1,0
mock fallback — NOT REPORTABLE,oracle,6,6,0,7,0,7,1,0
mock fallback — NOT REPORTABLE,oracle,6,6,0,18,0,18,1,0
mock fallback — NOT REPORTABLE,oracle,6,6,0,20,0,20,1,0
mock fallback — NOT REPORTABLE,oracle,6,6,0,15,0,15,1,0
mock fallback — NOT REPORTABLE,oracle,6,6,0,5,0,5,1,0
mock fallback — NOT REPORTABLE,oracle,6,6,0,23,0,23,1,0
mock fallback — NOT REPORTABLE,oracle,6,6,0,12,0,12,1,0
mock fallback — NOT REPORTABLE,oracle,6,6,0,9,0,9,1,0
mock fallback — NOT REPORTABLE,oracle,6,6,0,17,0,17,1,0
mock fallback — NOT REPORTABLE,oracle,6,6,0,6,0,6,1,0
mock fallback — NOT REPORTABLE,oracle,6,6,0,23,0,23,1,0
mock fallback — NOT REPORTABLE,oracle,6,6,0,52,0,52,1,0
mock fallback — NOT REPORTABLE,oracle,6,5,1,20,0,20,1,0
mock fallback — NOT REPORTABLE,oracle,6,6,0,23,0,23,1,0
mock fallback — NOT REPORTABLE,oracle,6,6,0,22,0,22,1,0
mock fallback — NOT REPORTABLE,oracle,6,6,0,32,0,32,1,0
mock fallback — NOT REPORTABLE,oracle,6,6,0,27,0,27,1,0
mock fallback — NOT REPORTABLE,oracle,6,6,0,39,0,39,1,0
mock fallback — NOT REPORTABLE,oracle,6,6,0,11,0,11,1,0
mock fallback — NOT REPORTABLE,oracle,6,6,0,14,0,14,1,0
mock fallback — NOT REPORTABLE,oracle,6,6,0,9,0,9,1,0
mock fallback — NOT REPORTABLE,oracle,6,6,0,21,0,21,1,0
mock fallback — NOT REPORTABLE,oracle,6,6,0,9,0,9,1,0
mock fallback — NOT REPORTABLE,oracle,6,6,0,21,0,21,1,0
mock fallback — NOT REPORTABLE,oracle,6,6,0,28,0,28,1,0
mock fallback — NOT REPORTABLE,oracle,6,6,0,6,0,6,1,0
mock fallback — NOT REPORTABLE,oracle,6,6,0,5,0,5,1,0
mock fallback — NOT REPORTABLE,oracle,6,6,0,29,0,29,1,0
mock fallback — NOT REPORTABLE,oracle,6,6,0,12,0,12,1,0
mock fallback — NOT REPORTABLE,oracle,6,6,0,48,0,48,1,0
mock fallback — NOT REPORTABLE,oracle,6,6,0,19,0,19,1,0
mock fallback — NOT REPORTABLE,oracle,6,6,0,43,0,43,1,0
mock fallback — NOT REPORTABLE,oracle,6,6,0,8,0,8,1,0
mock fallback — NOT REPORTABLE,oracle,6,6,0,5,0,5,1,0
mock fallback — NOT REPORTABLE,oracle,6,6,0,11,0,11,1,0
mock fallback — NOT REPORTABLE,oracle,6,6,0,10,0,10,1,0
mock fallback — NOT REPORTABLE,oracle,6,6,0,11,0,11,1,0
mock fallback — NOT REPORTABLE,oracle,6,6,0,14,0,14,1,0
mock fallback — NOT REPORTABLE,oracle,6,6,0,19,0,19,1,0
mock fallback — NOT REPORTABLE,oracle,6,6,0,18,0,18,1,0
mock fallback — NOT REPORTABLE,oracle,6,6,0,4,0,4,1,0
mock fallback — NOT REPORTABLE,oracle,6,6,0,25,0,25,1,0
mock fallback — NOT REPORTABLE,oracle,6,6,0,7,0,7,1,0
mock fallback — NOT REPORTABLE,oracle,6,6,0,10,0,10,1,0
mock fallback — NOT REPORTABLE,oracle,6,6,0,2,0,2,1,0
mock fallback — NOT REPORTABLE,oracle,6,6,0,5,0,5,1,0
mock fallback — NOT REPORTABLE,oracle,6,6,0,17,0,17,1,0
mock fallback — NOT REPORTABLE,oracle,6,6,0,22,0,22,1,0
mock fallback — NOT REPORTABLE,oracle,6,6,0,44,0,44,1,0
mock fallback — NOT REPORTABLE,oracle,6,6,0,23,0,23,1,0
mock fallback — NOT REPORTABLE,oracle,6,6,0,23,0,23,1,0
mock fallback — NOT REPORTABLE,oracle,6,6,0,10,0,10,1,0
mock fallback — NOT REPORTABLE,oracle,6,6,0,15,0,15,1,0
mock fallback — NOT REPORTABLE,oracle,6,6,0,20,0,20,1,0
mock fallback — NOT REPORTABLE,oracle,6,6,0,12,0,12,1,0
mock fallback — NOT REPORTABLE,oracle,6,6,0,29,0,29,1,0
mock fallback — NOT REPORTABLE,oracle,6,6,0,6,0,6,1,0
mock fallback — NOT REPORTABLE,oracle,6,6,0,24,0,24,1,0
mock fallback — NOT REPORTABLE,oracle,6,6,0,35,0,35,1,0
mock fallback — NOT REPORTABLE,oracle,6,6,0,42,0,42,1,0
mock fallback — NOT REPORTABLE,oracle,6,6,0,7,0,7,1,0
mock fallback — NOT REPORTABLE,oracle,6,6,0,72,0,72,1,0
mock fallback — NOT REPORTABLE,oracle,6,6,0,20,0,20,1,0
mock fallback — NOT REPORTABLE,oracle,6,6,0,24,0,24,1,0
mock fallback — NOT REPORTABLE,oracle,6,6,0,5,0,5,1,0
mock fallback — NOT REPORTABLE,oracle,6,5,1,11,0,11,1,0
mock fallback — NOT REPORTABLE,oracle,6,6,0,16,0,16,1,0
mock fallback — NOT REPORTABLE,oracle,6,6,0,13,0,13,1,0
mock fallback — NOT REPORTABLE,oracle,6,6,0,6,0,6,1,0
mock fallback — NOT REPORTABLE,oracle,6,6,0,12,0,12,1,0
mock fallback — NOT REPORTABLE,oracle,6,6,0,9,0,9,1,0
mock fallback — NOT REPORTABLE,oracle,6,6,0,5,0,5,1,0
mock fallback — NOT REPORTABLE,oracle,6,6,0,29,0,29,1,0
mock fallback — NOT REPORTABLE,weak_only,1,2,1,107,107,0,0,0
mock fallback — NOT REPORTABLE,weak_only,1,2,1,87,87,0,0,0
mock fallback — NOT REPORTABLE,weak_only,1,2,1,21,21,0,0,0
mock fallback — NOT REPORTABLE,weak_only,1,2,1,30,30,0,0,0
mock fallback — NOT REPORTABLE,weak_only,1,2,1,158,158,0,0,0
mock fallback — NOT REPORTABLE,weak_only,1,2,1,60,60,0,0,0
mock fallback — NOT REPORTABLE,weak_only,1,2,1,52,52,0,0,0
mock fallback — NOT REPORTABLE,weak_only,1,2,1,56,56,0,0,0
mock fallback — NOT REPORTABLE,weak_only,1,2,1,35,35,0,0,0
mock fallback — NOT REPORTABLE,weak_only,1,2,1,79,79,0,0,0
mock fallback — NOT REPORTABLE,weak_only,1,2,1,38,38,0,0,0
mock fallback — NOT REPORTABLE,weak_only,1,2,1,209,209,0,0,0
mock fallback — NOT REPORTABLE,weak_only,1,2,1,40,40,0,0,0
mock fallback — NOT REPORTABLE,weak_only,1,2,1,90,90,0,0,0
mock fallback — NOT REPORTABLE,weak_only,1,2,1,102,102,0,0,0
mock fallback — NOT REPORTABLE,weak_only,1,2,1,67,67,0,0,0
mock fallback — NOT REPORTABLE,weak_only,1,2,1,65,65,0,0,0
mock fallback — NOT REPORTABLE,weak_only,1,2,1,39,39,0,0,0
mock fallback — NOT REPORTABLE,weak_only,1,2,1,251,251,0,0,0
mock fallback — NOT REPORTABLE,weak_only,1,2,1,50,50,0,0,0
mock fallback — NOT REPORTABLE,weak_only,1,2,1,163,163,0,0,0
mock fallback — NOT REPORTABLE,weak_only,1,2,1,51,51,0,0,0
mock fallback — NOT REPORTABLE,weak_only,1,2,1,116,116,0,0,0
mock fallback — NOT REPORTABLE,weak_only,1,2,1,54,54,0,0,0
mock fallback — NOT REPORTABLE,weak_only,1,2,1,73,73,0,0,0
mock fallback — NOT REPORTABLE,weak_only,1,2,1,98,98,0,0,0
mock fallback — NOT REPORTABLE,weak_only,1,2,1,58,58,0,0,0
mock fallback — NOT REPORTABLE,weak_only,1,2,1,152,152,0,0,0
mock fallback — NOT REPORTABLE,weak_only,1,2,1,186,186,0,0,0
mock fallback — NOT REPORTABLE,weak_only,1,2,1,165,165,0,0,0
mock fallback — NOT REPORTABLE,weak_only,1,2,1,177,177,0,0,0
mock fallback — NOT REPORTABLE,weak_only,1,2,1,92,92,0,0,0
mock fallback — NOT REPORTABLE,weak_only,1,2,1,94,94,0,0,0
mock fallback — NOT REPORTABLE,weak_only,1,2,1,37,37,0,0,0
mock fallback — NOT REPORTABLE,weak_only,1,2,1,175,175,0,0,0
mock fallback — NOT REPORTABLE,weak_only,1,2,1,42,42,0,0,0
mock fallback — NOT REPORTABLE,weak_only,1,2,1,55,55,0,0,0
mock fallback — NOT REPORTABLE,weak_only,1,2,1,98,98,0,0,0
mock fallback — NOT REPORTABLE,weak_only,1,2,1,74,74,0,0,0
mock fallback — NOT REPORTABLE,weak_only,1,2,1,135,135,0,0,0
mock fallback — NOT REPORTABLE,weak_only,1,2,1,96,96,0,0,0
mock fallback — NOT REPORTABLE,weak_only,1,2,1,82,82,0,0,0
mock fallback — NOT REPORTABLE,weak_only,1,2,1,143,143,0,0,0
mock fallback — NOT REPORTABLE,weak_only,1,2,1,81,81,0,0,0
mock fallback — NOT REPORTABLE,weak_only,1,2,1,106,106,0,0,0
mock fallback — NOT REPORTABLE,weak_only,1,2,1,38,38,0,0,0
mock fallback — NOT REPORTABLE,weak_only,1,2,1,25,25,0,0,0
mock fallback — NOT REPORTABLE,weak_only,1,2,1,51,51,0,0,0
mock fallback — NOT REPORTABLE,weak_only,1,2,1,49,49,0,0,0
mock fallback — NOT REPORTABLE,weak_only,1,2,1,31,31,0,0,0
mock fallback — NOT REPORTABLE,weak_only,1,2,1,63,63,0,0,0
mock fallback — NOT REPORTABLE,weak_only,1,2,1,56,56,0,0,0
mock fallback — NOT REPORTABLE,weak_only,1,2,1,148,148,0,0,0
mock fallback — NOT REPORTABLE,weak_only,1,2,1,35,35,0,0,0
mock fallback — NOT REPORTABLE,weak_only,1,2,1,30,30,0,0,0
mock fallback — NOT REPORTABLE,weak_only,1,2,1,61,61,0,0,0
mock fallback — NOT REPORTABLE,weak_only,1,2,1,21,21,0,0,0
mock fallback — NOT REPORTABLE,weak_only,1,2,1,32,32,0,0,0
mock fallback — NOT REPORTABLE,weak_only,1,2,1,80,80,0,0,0
mock fallback — NOT REPORTABLE,weak_only,1,2,1,58,58,0,0,0
mock fallback — NOT REPORTABLE,weak_only,1,2,1,126,126,0,0,0
mock fallback — NOT REPORTABLE,weak_only,1,2,1,73,73,0,0,0
mock fallback — NOT REPORTABLE,weak_only,1,2,1,71,71,0,0,0
mock fallback — NOT REPORTABLE,weak_only,1,2,1,153,153,0,0,0
mock fallback — NOT REPORTABLE,weak_only,1,2,1,85,85,0,0,0
mock fallback — NOT REPORTABLE,weak_only,1,2,1,100,100,0,0,0
mock fallback — NOT REPORTABLE,weak_only,1,2,1,300,300,0,0,1
mock fallback — NOT REPORTABLE,weak_only,1,2,1,50,50,0,0,0
mock fallback — NOT REPORTABLE,weak_only,1,2,1,141,141,0,0,0
mock fallback — NOT REPORTABLE,weak_only,1,2,1,105,105,0,0,0
mock fallback — NOT REPORTABLE,weak_only,1,2,1,83,83,0,0,0
mock fallback — NOT REPORTABLE,weak_only,1,2,1,96,96,0,0,0
mock fallback — NOT REPORTABLE,weak_only,1,2,1,27,27,0,0,0
mock fallback — NOT REPORTABLE,weak_only,1,2,1,70,70,0,0,0
mock fallback — NOT REPORTABLE,weak_only,1,2,1,156,156,0,0,0
mock fallback — NOT REPORTABLE,weak_only,1,2,1,27,27,0,0,0
mock fallback — NOT REPORTABLE,weak_only,1,2,1,277,277,0,0,0
mock fallback — NOT REPORTABLE,weak_only,1,2,1,63,63,0,0,0
mock fallback — NOT REPORTABLE,weak_only,1,2,1,57,57,0,0,0
mock fallback — NOT REPORTABLE,weak_only,1,2,1,93,93,0,0,0
mock fallback — NOT REPORTABLE,weak_only,1,2,1,24,24,0,0,0
mock fallback — NOT REPORTABLE,weak_only,1,2,1,64,64,0,0,0
mock fallback — NOT REPORTABLE,weak_only,1,2,1,91,91,0,0,0
mock fallback — NOT REPORTABLE,weak_only,1,2,1,61,61,0,0,0
mock fallback — NOT REPORTABLE,weak_only,1,2,1,20,20,0,0,0
mock fallback — NOT REPORTABLE,weak_only,1,2,1,37,37,0,0,0
mock fallback — NOT REPORTABLE,weak_only,1,2,1,79,79,0,0,0
mock fallback — NOT REPORTABLE,weak_only,1,2,1,65,65,0,0,0
mock fallback — NOT REPORTABLE,weak_only,1,2,1,40,40,0,0,0
mock fallback — NOT REPORTABLE,weak_only,1,2,1,40,40,0,0,0
mock fallback — NOT REPORTABLE,weak_only,1,2,1,57,57,0,0,0
mock fallback — NOT REPORTABLE,weak_only,1,2,1,51,51,0,0,0
mock fallback — NOT REPORTABLE,weak_only,1,2,1,44,44,0,0,0
mock fallback — NOT REPORTABLE,weak_only,1,2,1,141,141,0,0,0
mock fallback — NOT REPORTABLE,weak_only,1,2,1,120,120,0,0,0
mock fallback — NOT REPORTABLE,weak_only,1,2,1,81,81,0,0,0
mock fallback — NOT REPORTABLE,weak_only,1,2,1,50,50,0,0,0
mock fallback — NOT REPORTABLE,weak_only,1,2,1,72,72,0,0,0
mock fallback — NOT REPORTABLE,weak_only,1,2,1,35,35,0,0,0
mock fallback — NOT REPORTABLE,weak_only,1,2,1,33,33,0,0,0
mock fallback — NOT REPORTABLE,weak_only,2,5,1,216,216,0,0,0
mock fallback — NOT REPORTABLE,weak_only,2,6,1,77,77,0,0,0
mock fallback — NOT REPORTABLE,weak_only,2,2,0,42,42,0,0,0
mock fallback — NOT REPORTABLE,weak_only,2,5,1,70,70,0,0,0
mock fallback — NOT REPORTABLE,weak_only,2,5,1,255,255,0,0,0
mock fallback — NOT REPORTABLE,weak_only,2,2,0,58,58,0,0,0
mock fallback — NOT REPORTABLE,weak_only,2,2,0,300,300,0,0,1
mock fallback — NOT REPORTABLE,weak_only,2,5,1,295,295,0,0,0
mock fallback — NOT REPORTABLE,weak_only,2,5,1,112,112,0,0,0
mock fallback — NOT REPORTABLE,weak_only,2,5,1,200,200,0,0,0
mock fallback — NOT REPORTABLE,weak_only,2,2,0,107,107,0,0,0
mock fallback — NOT REPORTABLE,weak_only,2,2,0,127,127,0,0,0
mock fallback — NOT REPORTABLE,weak_only,2,2,0,31,31,0,0,0
mock fallback — NOT REPORTABLE,weak_only,2,2,0,45,45,0,0,0
mock fallback — NOT REPORTABLE,weak_only,2,2,0,262,262,0,0,0
mock fallback — NOT REPORTABLE,weak_only,2,5,1,300,300,0,0,1
mock fallback — NOT REPORTABLE,weak_only,2,5,1,71,71,0,0,0
mock fallback — NOT REPORTABLE,weak_only,2,5,1,118,118,0,0,0
mock fallback — NOT REPORTABLE,weak_only,2,2,0,128,128,0,0,0
mock fallback — NOT REPORTABLE,weak_only,2,2,0,145,145,0,0,0
mock fallback — NOT REPORTABLE,weak_only,2,2,0,32,32,0,0,0
mock fallback — NOT REPORTABLE,weak_only,2,5,1,133,133,0,0,0
mock fallback — NOT REPORTABLE,weak_only,2,5,1,190,190,0,0,0
mock fallback — NOT REPORTABLE,weak_only,2,2,0,94,94,0,0,0
mock fallback — NOT REPORTABLE,weak_only,2,5,1,115,115,0,0,0
mock fallback — NOT REPORTABLE,weak_only,2,2,0,235,235,0,0,0
mock fallback — NOT REPORTABLE,weak_only,2,2,0,51,51,0,0,0
mock fallback — NOT REPORTABLE,weak_only,2,5,1,118,118,0,0,0
mock fallback — NOT REPORTABLE,weak_only,2,5,1,79,79,0,0,0
mock fallback — NOT REPORTABLE,weak_only,2,2,0,217,217,0,0,0
mock fallback — NOT REPORTABLE,weak_only,2,5,1,148,148,0,0,0
mock fallback — NOT REPORTABLE,weak_only,2,2,0,213,213,0,0,0
mock fallback — NOT REPORTABLE,weak_only,2,5,1,100,100,0,0,0
mock fallback — NOT REPORTABLE,weak_only,2,2,0,129,129,0,0,0
mock fallback — NOT REPORTABLE,weak_only,2,2,0,87,87,0,0,0
mock fallback — NOT REPORTABLE,weak_only,2,5,1,132,132,0,0,0
mock fallback — NOT REPORTABLE,weak_only,2,2,0,195,195,0,0,0
mock fallback — NOT REPORTABLE,weak_only,2,5,1,143,143,0,0,0
mock fallback — NOT REPORTABLE,weak_only,2,2,0,133,133,0,0,0
mock fallback — NOT REPORTABLE,weak_only,2,2,0,288,288,0,0,0
mock fallback — NOT REPORTABLE,weak_only,2,2,0,76,76,0,0,0
mock fallback — NOT REPORTABLE,weak_only,2,2,0,161,161,0,0,0
mock fallback — NOT REPORTABLE,weak_only,2,5,1,252,252,0,0,0
mock fallback — NOT REPORTABLE,weak_only,2,5,1,300,300,0,0,1
mock fallback — NOT REPORTABLE,weak_only,2,2,0,48,48,0,0,0
mock fallback — NOT REPORTABLE,weak_only,2,2,0,49,49,0,0,0
mock fallback — NOT REPORTABLE,weak_only,2,2,0,178,178,0,0,0
mock fallback — NOT REPORTABLE,weak_only,2,2,0,37,37,0,0,0
mock fallback — NOT REPORTABLE,weak_only,2,5,1,175,175,0,0,0
mock fallback — NOT REPORTABLE,weak_only,2,5,1,209,209,0,0,0
mock fallback — NOT REPORTABLE,weak_only,2,5,1,158,158,0,0,0
mock fallback — NOT REPORTABLE,weak_only,2,5,1,85,85,0,0,0
mock fallback — NOT REPORTABLE,weak_only,2,5,1,300,300,0,0,1
mock fallback — NOT REPORTABLE,weak_only,2,5,1,140,140,0,0,0
mock fallback — NOT REPORTABLE,weak_only,2,5,1,127,127,0,0,0
mock fallback — NOT REPORTABLE,weak_only,2,2,0,257,257,0,0,0
mock fallback — NOT REPORTABLE,weak_only,2,5,1,108,108,0,0,0
mock fallback — NOT REPORTABLE,weak_only,2,5,1,153,153,0,0,0
mock fallback — NOT REPORTABLE,weak_only,2,2,0,287,287,0,0,0
mock fallback — NOT REPORTABLE,weak_only,2,6,1,231,231,0,0,0
mock fallback — NOT REPORTABLE,weak_only,2,2,0,181,181,0,0,0
mock fallback — NOT REPORTABLE,weak_only,2,2,0,157,157,0,0,0
mock fallback — NOT REPORTABLE,weak_only,2,2,0,194,194,0,0,0
mock fallback — NOT REPORTABLE,weak_only,2,5,1,300,300,0,0,1
mock fallback — NOT REPORTABLE,weak_only,2,2,0,64,64,0,0,0
mock fallback — NOT REPORTABLE,weak_only,2,2,0,74,74,0,0,0
mock fallback — NOT REPORTABLE,weak_only,2,2,0,294,294,0,0,0
mock fallback — NOT REPORTABLE,weak_only,2,2,0,300,300,0,0,1
mock fallback — NOT REPORTABLE,weak_only,2,5,1,231,231,0,0,0
mock fallback — NOT REPORTABLE,weak_only,2,2,0,227,227,0,0,0
mock fallback — NOT REPORTABLE,weak_only,2,5,1,144,144,0,0,0
mock fallback — NOT REPORTABLE,weak_only,2,2,0,300,300,0,0,1
mock fallback — NOT REPORTABLE,weak_only,2,2,0,191,191,0,0,0
mock fallback — NOT REPORTABLE,weak_only,2,2,0,20,20,0,0,0
mock fallback — NOT REPORTABLE,weak_only,2,5,1,117,117,0,0,0
mock fallback — NOT REPORTABLE,weak_only,2,5,1,252,252,0,0,0
mock fallback — NOT REPORTABLE,weak_only,2,2,0,58,58,0,0,0
mock fallback — NOT REPORTABLE,weak_only,2,2,0,43,43,0,0,0
mock fallback — NOT REPORTABLE,weak_only,2,2,0,183,183,0,0,0
mock fallback — NOT REPORTABLE,weak_only,2,5,1,300,300,0,0,1
mock fallback — NOT REPORTABLE,weak_only,2,2,0,300,300,0,0,1
mock fallback — NOT REPORTABLE,weak_only,2,2,0,16,16,0,0,0
mock fallback — NOT REPORTABLE,weak_only,2,5,1,104,104,0,0,0
mock fallback — NOT REPORTABLE,weak_only,2,2,0,106,106,0,0,0
mock fallback — NOT REPORTABLE,weak_only,2,2,0,187,187,0,0,0
mock fallback — NOT REPORTABLE,weak_only,2,2,0,69,69,0,0,0
mock fallback — NOT REPORTABLE,weak_only,2,2,0,139,139,0,0,0
mock fallback — NOT REPORTABLE,weak_only,2,2,0,300,300,0,0,1
mock fallback — NOT REPORTABLE,weak_only,2,2,0,240,240,0,0,0
mock fallback — NOT REPORTABLE,weak_only,2,2,0,219,219,0,0,0
mock fallback — NOT REPORTABLE,weak_only,2,5,1,76,76,0,0,0
mock fallback — NOT REPORTABLE,weak_only,2,5,1,219,219,0,0,0
mock fallback — NOT REPORTABLE,weak_only,2,2,0,300,300,0,0,1
mock fallback — NOT REPORTABLE,weak_only,2,5,1,61,61,0,0,0
mock fallback — NOT REPORTABLE,weak_only,2,2,0,271,271,0,0,0
mock fallback — NOT REPORTABLE,weak_only,2,2,0,127,127,0,0,0
mock fallback — NOT REPORTABLE,weak_only,2,5,1,87,87,0,0,0
mock fallback — NOT REPORTABLE,weak_only,2,2,0,251,251,0,0,0
mock fallback — NOT REPORTABLE,weak_only,2,2,0,112,112,0,0,0
mock fallback — NOT REPORTABLE,weak_only,2,5,1,116,116,0,0,0
mock fallback — NOT REPORTABLE,weak_only,3,5,1,67,67,0,0,0
mock fallback — NOT REPORTABLE,weak_only,3,3,0,170,170,0,0,0
mock fallback — NOT REPORTABLE,weak_only,3,3,0,183,183,0,0,0
mock fallback — NOT REPORTABLE,weak_only,3,5,1,238,238,0,0,0
mock fallback — NOT REPORTABLE,weak_only,3,3,0,300,300,0,0,1
mock fallback — NOT REPORTABLE,weak_only,3,3,0,48,48,0,0,0
mock fallback — NOT REPORTABLE,weak_only,3,3,0,163,163,0,0,0
mock fallback — NOT REPORTABLE,weak_only,3,1,1,60,60,0,0,0
mock fallback — NOT REPORTABLE,weak_only,3,5,1,101,101,0,0,0
mock fallback — NOT REPORTABLE,weak_only,3,3,0,164,164,0,0,0
mock fallback — NOT REPORTABLE,weak_only,3,5,1,286,286,0,0,0
mock fallback — NOT REPORTABLE,weak_only,3,5,1,148,148,0,0,0
mock fallback — NOT REPORTABLE,weak_only,3,1,1,53,53,0,0,0
mock fallback — NOT REPORTABLE,weak_only,3,5,1,112,112,0,0,0
mock fallback — NOT REPORTABLE,weak_only,3,5,1,35,35,0,0,0
mock fallback — NOT REPORTABLE,weak_only,3,5,1,128,128,0,0,0
mock fallback — NOT REPORTABLE,weak_only,3,5,1,300,300,0,0,1
mock fallback — NOT REPORTABLE,weak_only,3,5,1,121,121,0,0,0
mock fallback — NOT REPORTABLE,weak_only,3,1,1,237,237,0,0,0
mock fallback — NOT REPORTABLE,weak_only,3,5,1,146,146,0,0,0
mock fallback — NOT REPORTABLE,weak_only,3,5,1,111,111,0,0,0
mock fallback — NOT REPORTABLE,weak_only,3,3,0,300,300,0,0,1
mock fallback — NOT REPORTABLE,weak_only,3,5,1,300,300,0,0,1
mock fallback — NOT REPORTABLE,weak_only,3,3,0,300,300,0,0,1
mock fallback — NOT REPORTABLE,weak_only,3,5,1,170,170,0,0,0
mock fallback — NOT REPORTABLE,weak_only,3,5,1,62,62,0,0,0
mock fallback — NOT REPORTABLE,weak_only,3,5,1,88,88,0,0,0
mock fallback — NOT REPORTABLE,weak_only,3,1,1,72,72,0,0,0
mock fallback — NOT REPORTABLE,weak_only,3,5,1,48,48,0,0,0
mock fallback — NOT REPORTABLE,weak_only,3,5,1,264,264,0,0,0
mock fallback — NOT REPORTABLE,weak_only,3,5,1,300,300,0,0,1
mock fallback — NOT REPORTABLE,weak_only,3,3,0,218,218,0,0,0
mock fallback — NOT REPORTABLE,weak_only,3,3,0,116,116,0,0,0
mock fallback — NOT REPORTABLE,weak_only,3,1,1,192,192,0,0,0
mock fallback — NOT REPORTABLE,weak_only,3,3,0,90,90,0,0,0
mock fallback — NOT REPORTABLE,weak_only,3,5,1,57,57,0,0,0
mock fallback — NOT REPORTABLE,weak_only,3,5,1,297,297,0,0,0
mock fallback — NOT REPORTABLE,weak_only,3,1,1,36,36,0,0,0
mock fallback — NOT REPORTABLE,weak_only,3,5,1,300,300,0,0,1
mock fallback — NOT REPORTABLE,weak_only,3,3,0,119,119,0,0,0
mock fallback — NOT REPORTABLE,weak_only,3,1,1,160,160,0,0,0
mock fallback — NOT REPORTABLE,weak_only,3,5,1,107,107,0,0,0
mock fallback — NOT REPORTABLE,weak_only,3,5,1,300,300,0,0,1
mock fallback — NOT REPORTABLE,weak_only,3,1,1,45,45,0,0,0
mock fallback — NOT REPORTABLE,weak_only,3,5,1,287,287,0,0,0
mock fallback — NOT REPORTABLE,weak_only,3,5,1,204,204,0,0,0
mock fallback — NOT REPORTABLE,weak_only,3,5,1,264,264,0,0,0
mock fallback — NOT REPORTABLE,weak_only,3,1,1,201,201,0,0,0
mock fallback — NOT REPORTABLE,weak_only,3,3,0,236,236,0,0,0
mock fallback — NOT REPORTABLE,weak_only,3,5,1,92,92,0,0,0
mock fallback — NOT REPORTABLE,weak_only,3,3,0,139,139,0,0,0
mock fallback — NOT REPORTABLE,weak_only,3,5,1,62,62,0,0,0
mock fallback — NOT REPORTABLE,weak_only,3,5,1,204,204,0,0,0
mock fallback — NOT REPORTABLE,weak_only,3,3,0,131,131,0,0,0
mock fallback — NOT REPORTABLE,weak_only,3,5,1,30,30,0,0,0
mock fallback — NOT REPORTABLE,weak_only,3,5,1,183,183,0,0,0
mock fallback — NOT REPORTABLE,weak_only,3,5,1,80,80,0,0,0
mock fallback — NOT REPORTABLE,weak_only,3,5,1,163,163,0,0,0
mock fallback — NOT REPORTABLE,weak_only,3,5,1,76,76,0,0,0
mock fallback — NOT REPORTABLE,weak_only,3,5,1,300,300,0,0,1
mock fallback — NOT REPORTABLE,weak_only,3,1,1,300,300,0,0,1
mock fallback — NOT REPORTABLE,weak_only,3,3,0,247,247,0,0,0
mock fallback — NOT REPORTABLE,weak_only,3,3,0,129,129,0,0,0
mock fallback — NOT REPORTABLE,weak_only,3,5,1,85,85,0,0,0
mock fallback — NOT REPORTABLE,weak_only,3,5,1,300,300,0,0,1
mock fallback — NOT REPORTABLE,weak_only,3,5,1,204,204,0,0,0
mock fallback — NOT REPORTABLE,weak_only,3,5,1,256,256,0,0,0
mock fallback — NOT REPORTABLE,weak_only,3,5,1,63,63,0,0,0
mock fallback — NOT REPORTABLE,weak_only,3,5,1,168,168,0,0,0
mock fallback — NOT REPORTABLE,weak_only,3,5,1,63,63,0,0,0
mock fallback — NOT REPORTABLE,weak_only,3,5,1,110,110,0,0,0
mock fallback — NOT REPORTABLE,weak_only,3,5,1,153,153,0,0,0
mock fallback — NOT REPORTABLE,weak_only,3,5,1,70,70,0,0,0
mock fallback — NOT REPORTABLE,weak_only,3,5,1,185,185,0,0,0
mock fallback — NOT REPORTABLE,weak_only,3,5,1,210,210,0,0,0
mock fallback — NOT REPORTABLE,weak_only,3,3,0,300,300,0,0,1
mock fallback — NOT REPORTABLE,weak_only,3,5,1,300,300,0,0,1
mock fallback — NOT REPORTABLE,weak_only,3,5,1,96,96,0,0,0
mock fallback — NOT REPORTABLE,weak_only,3,5,1,117,117,0,0,0
mock fallback — NOT REPORTABLE,weak_only,3,1,1,300,300,0,0,1
mock fallback — NOT REPORTABLE,weak_only,3,5,1,256,256,0,0,0
mock fallback — NOT REPORTABLE,weak_only,3,3,0,194,194,0,0,0
mock fallback — NOT REPORTABLE,weak_only,3,5,1,120,120,0,0,0
mock fallback — NOT REPORTABLE,weak_only,3,5,1,91,91,0,0,0
mock fallback — NOT REPORTABLE,weak_only,3,5,1,83,83,0,0,0
mock fallback — NOT REPORTABLE,weak_only,3,5,1,144,144,0,0,0
mock fallback — NOT REPORTABLE,weak_only,3,5,1,64,64,0,0,0
mock fallback — NOT REPORTABLE,weak_only,3,5,1,114,114,0,0,0
mock fallback — NOT REPORTABLE,weak_only,3,5,1,97,97,0,0,0
mock fallback — NOT REPORTABLE,weak_only,3,5,1,87,87,0,0,0
mock fallback — NOT REPORTABLE,weak_only,3,5,1,300,300,0,0,1
mock fallback — NOT REPORTABLE,weak_only,3,3,0,234,234,0,0,0
mock fallback — NOT REPORTABLE,weak_only,3,5,1,53,53,0,0,0
mock fallback — NOT REPORTABLE,weak_only,3,5,1,97,97,0,0,0
mock fallback — NOT REPORTABLE,weak_only,3,3,0,300,300,0,0,1
mock fallback — NOT REPORTABLE,weak_only,3,5,1,100,100,0,0,0
mock fallback — NOT REPORTABLE,weak_only,3,3,0,74,74,0,0,0
mock fallback — NOT REPORTABLE,weak_only,3,3,0,218,218,0,0,0
mock fallback — NOT REPORTABLE,weak_only,3,5,1,145,145,0,0,0
mock fallback — NOT REPORTABLE,weak_only,3,5,1,31,31,0,0,0
mock fallback — NOT REPORTABLE,weak_only,4,5,1,300,300,0,0,1
mock fallback — NOT REPORTABLE,weak_only,4,5,1,203,203,0,0,0
mock fallback — NOT REPORTABLE,weak_only,4,5,1,131,131,0,0,0
mock fallback — NOT REPORTABLE,weak_only,4,4,0,186,186,0,0,0
mock fallback — NOT REPORTABLE,weak_only,4,5,1,112,112,0,0,0
mock fallback — NOT REPORTABLE,weak_only,4,5,1,95,95,0,0,0
mock fallback — NOT REPORTABLE,weak_only,4,4,0,111,111,0,0,0
mock fallback — NOT REPORTABLE,weak_only,4,5,1,300,300,0,0,1
mock fallback — NOT REPORTABLE,weak_only,4,5,1,150,150,0,0,0
mock fallback — NOT REPORTABLE,weak_only,4,5,1,98,98,0,0,0
mock fallback — NOT REPORTABLE,weak_only,4,4,0,300,300,0,0,1
mock fallback — NOT REPORTABLE,weak_only,4,5,1,146,146,0,0,0
mock fallback — NOT REPORTABLE,weak_only,4,4,0,203,203,0,0,0
mock fallback — NOT REPORTABLE,weak_only,4,5,1,113,113,0,0,0
mock fallback — NOT REPORTABLE,weak_only,4,4,0,264,264,0,0,0
mock fallback — NOT REPORTABLE,weak_only,4,4,0,193,193,0,0,0
mock fallback — NOT REPORTABLE,weak_only,4,5,1,300,300,0,0,1
mock fallback — NOT REPORTABLE,weak_only,4,5,1,300,300,0,0,1
mock fallback — NOT REPORTABLE,weak_only,4,5,1,69,69,0,0,0
mock fallback — NOT REPORTABLE,weak_only,4,5,1,93,93,0,0,0
mock fallback — NOT REPORTABLE,weak_only,4,5,1,99,99,0,0,0
mock fallback — NOT REPORTABLE,weak_only,4,5,1,97,97,0,0,0
mock fallback — NOT REPORTABLE,weak_only,4,5,1,146,146,0,0,0
mock fallback — NOT REPORTABLE,weak_only,4,5,1,77,77,0,0,0
mock fallback — NOT REPORTABLE,weak_only,4,5,1,300,300,0,0,1
mock fallback — NOT REPORTABLE,weak_only,4,5,1,300,300,0,0,1
mock fallback — NOT REPORTABLE,weak_only,4,5,1,87,87,0,0,0
mock fallback — NOT REPORTABLE,weak_only,4,4,0,300,300,0,0,1
mock fallback — NOT REPORTABLE,weak_only,4,5,1,128,128,0,0,0
mock fallback — NOT REPORTABLE,weak_only,4,5,1,174,174,0,0,0
mock fallback — NOT REPORTABLE,weak_only,4,5,1,145,145,0,0,0
mock fallback — NOT REPORTABLE,weak_only,4,4,0,300,300,0,0,1
mock fallback — NOT REPORTABLE,weak_only,4,4,0,188,188,0,0,0
mock fallback — NOT REPORTABLE,weak_only,4,5,1,166,166,0,0,0
mock fallback — NOT REPORTABLE,weak_only,4,5,1,126,126,0,0,0
mock fallback — NOT REPORTABLE,weak_only,4,4,0,73,73,0,0,0
mock fallback — NOT REPORTABLE,weak_only,4,5,1,231,231,0,0,0
mock fallback — NOT REPORTABLE,weak_only,4,5,1,216,216,0,0,0
mock fallback — NOT REPORTABLE,weak_only,4,5,1,71,71,0,0,0
mock fallback — NOT REPORTABLE,weak_only,4,5,1,194,194,0,0,0
mock fallback — NOT REPORTABLE,weak_only,4,4,0,156,156,0,0,0
mock fallback — NOT REPORTABLE,weak_only,4,5,1,206,206,0,0,0
mock fallback — NOT REPORTABLE,weak_only,4,4,0,300,300,0,0,1
mock fallback — NOT REPORTABLE,weak_only,4,4,0,105,105,0,0,0
mock fallback — NOT REPORTABLE,weak_only,4,4,0,43,43,0,0,0
mock fallback — NOT REPORTABLE,weak_only,4,5,1,300,300,0,0,1
mock fallback — NOT REPORTABLE,weak_only,4,5,1,91,91,0,0,0
mock fallback — NOT REPORTABLE,weak_only,4,4,0,78,78,0,0,0
mock fallback — NOT REPORTABLE,weak_only,4,5,1,300,300,0,0,1
mock fallback — NOT REPORTABLE,weak_only,4,5,1,149,149,0,0,0
mock fallback — NOT REPORTABLE,weak_only,4,5,1,162,162,0,0,0
mock fallback — NOT REPORTABLE,weak_only,4,5,1,161,161,0,0,0
mock fallback — NOT REPORTABLE,weak_only,4,4,0,191,191,0,0,0
mock fallback — NOT REPORTABLE,weak_only,4,5,1,186,186,0,0,0
mock fallback — NOT REPORTABLE,weak_only,4,5,1,169,169,0,0,0
mock fallback — NOT REPORTABLE,weak_only,4,5,1,271,271,0,0,0
mock fallback — NOT REPORTABLE,weak_only,4,5,1,300,300,0,0,1
mock fallback — NOT REPORTABLE,weak_only,4,4,0,40,40,0,0,0
mock fallback — NOT REPORTABLE,weak_only,4,5,1,166,166,0,0,0
mock fallback — NOT REPORTABLE,weak_only,4,5,1,68,68,0,0,0
mock fallback — NOT REPORTABLE,weak_only,4,5,1,184,184,0,0,0
mock fallback — NOT REPORTABLE,weak_only,4,5,1,296,296,0,0,0
mock fallback — NOT REPORTABLE,weak_only,4,5,1,82,82,0,0,0
mock fallback — NOT REPORTABLE,weak_only,4,4,0,109,109,0,0,0
mock fallback — NOT REPORTABLE,weak_only,4,5,1,300,300,0,0,1
mock fallback — NOT REPORTABLE,weak_only,4,5,1,211,211,0,0,0
mock fallback — NOT REPORTABLE,weak_only,4,5,1,174,174,0,0,0
mock fallback — NOT REPORTABLE,weak_only,4,2,1,87,87,0,0,0
mock fallback — NOT REPORTABLE,weak_only,4,5,1,121,121,0,0,0
mock fallback — NOT REPORTABLE,weak_only,4,4,0,79,79,0,0,0
mock fallback — NOT REPORTABLE,weak_only,4,2,1,57,57,0,0,0
mock fallback — NOT REPORTABLE,weak_only,4,4,0,181,181,0,0,0
mock fallback — NOT REPORTABLE,weak_only,4,5,1,174,174,0,0,0
mock fallback — NOT REPORTABLE,weak_only,4,5,1,153,153,0,0,0
mock fallback — NOT REPORTABLE,weak_only,4,5,1,109,109,0,0,0
mock fallback — NOT REPORTABLE,weak_only,4,5,1,300,300,0,0,1
mock fallback — NOT REPORTABLE,weak_only,4,4,0,68,68,0,0,0
mock fallback — NOT REPORTABLE,weak_only,4,4,0,124,124,0,0,0
mock fallback — NOT REPORTABLE,weak_only,4,4,0,261,261,0,0,0
mock fallback — NOT REPORTABLE,weak_only,4,5,1,87,87,0,0,0
mock fallback — NOT REPORTABLE,weak_only,4,5,1,291,291,0,0,0
mock fallback — NOT REPORTABLE,weak_only,4,5,1,184,184,0,0,0
mock fallback — NOT REPORTABLE,weak_only,4,5,1,159,159,0,0,0
mock fallback — NOT REPORTABLE,weak_only,4,5,1,300,300,0,0,1
mock fallback — NOT REPORTABLE,weak_only,4,5,1,95,95,0,0,0
mock fallback — NOT REPORTABLE,weak_only,4,5,1,177,177,0,0,0
mock fallback — NOT REPORTABLE,weak_only,4,5,1,300,300,0,0,1
mock fallback — NOT REPORTABLE,weak_only,4,4,0,101,101,0,0,0
mock fallback — NOT REPORTABLE,weak_only,4,4,0,300,300,0,0,1
mock fallback — NOT REPORTABLE,weak_only,4,5,1,300,300,0,0,1
mock fallback — NOT REPORTABLE,weak_only,4,4,0,47,47,0,0,0
mock fallback — NOT REPORTABLE,weak_only,4,5,1,300,300,0,0,1
mock fallback — NOT REPORTABLE,weak_only,4,5,1,85,85,0,0,0
mock fallback — NOT REPORTABLE,weak_only,4,5,1,59,59,0,0,0
mock fallback — NOT REPORTABLE,weak_only,4,5,1,300,300,0,0,1
mock fallback — NOT REPORTABLE,weak_only,4,4,0,176,176,0,0,0
mock fallback — NOT REPORTABLE,weak_only,4,5,1,116,116,0,0,0
mock fallback — NOT REPORTABLE,weak_only,4,5,1,185,185,0,0,0
mock fallback — NOT REPORTABLE,weak_only,4,5,1,203,203,0,0,0
mock fallback — NOT REPORTABLE,weak_only,4,5,1,149,149,0,0,0
mock fallback — NOT REPORTABLE,weak_only,5,5,0,47,47,0,0,0
mock fallback — NOT REPORTABLE,weak_only,5,5,0,37,37,0,0,0
mock fallback — NOT REPORTABLE,weak_only,5,6,1,50,50,0,0,0
mock fallback — NOT REPORTABLE,weak_only,5,5,0,71,71,0,0,0
mock fallback — NOT REPORTABLE,weak_only,5,5,0,194,194,0,0,0
mock fallback — NOT REPORTABLE,weak_only,5,5,0,68,68,0,0,0
mock fallback — NOT REPORTABLE,weak_only,5,5,0,53,53,0,0,0
mock fallback — NOT REPORTABLE,weak_only,5,5,0,120,120,0,0,0
mock fallback — NOT REPORTABLE,weak_only,5,5,0,123,123,0,0,0
mock fallback — NOT REPORTABLE,weak_only,5,5,0,55,55,0,0,0
mock fallback — NOT REPORTABLE,weak_only,5,5,0,32,32,0,0,0
mock fallback — NOT REPORTABLE,weak_only,5,2,1,198,198,0,0,0
mock fallback — NOT REPORTABLE,weak_only,5,5,0,70,70,0,0,0
mock fallback — NOT REPORTABLE,weak_only,5,5,0,149,149,0,0,0
mock fallback — NOT REPORTABLE,weak_only,5,2,1,131,131,0,0,0
mock fallback — NOT REPORTABLE,weak_only,5,5,0,75,75,0,0,0
mock fallback — NOT REPORTABLE,weak_only,5,5,0,59,59,0,0,0
mock fallback — NOT REPORTABLE,weak_only,5,5,0,47,47,0,0,0
mock fallback — NOT REPORTABLE,weak_only,5,5,0,45,45,0,0,0
mock fallback — NOT REPORTABLE,weak_only,5,5,0,41,41,0,0,0
mock fallback — NOT REPORTABLE,weak_only,5,5,0,64,64,0,0,0
mock fallback — NOT REPORTABLE,weak_only,5,5,0,99,99,0,0,0
mock fallback — NOT REPORTABLE,weak_only,5,5,0,144,144,0,0,0
mock fallback — NOT REPORTABLE,weak_only,5,5,0,69,69,0,0,0
mock fallback — NOT REPORTABLE,weak_only,5,5,0,68,68,0,0,0
mock fallback — NOT REPORTABLE,weak_only,5,5,0,53,53,0,0,0
mock fallback — NOT REPORTABLE,weak_only,5,5,0,88,88,0,0,0
mock fallback — NOT REPORTABLE,weak_only,5,5,0,97,97,0,0,0
mock fallback — NOT REPORTABLE,weak_only,5,5,0,147,147,0,0,0
mock fallback — NOT REPORTABLE,weak_only,5,5,0,168,168,0,0,0
mock fallback — NOT REPORTABLE,weak_only,5,5,0,100,100,0,0,0
mock fallback — NOT REPORTABLE,weak_only,5,5,0,80,80,0,0,0
mock fallback — NOT REPORTABLE,weak_only,5,5,0,136,136,0,0,0
mock fallback — NOT REPORTABLE,weak_only,5,5,0,147,147,0,0,0
mock fallback — NOT REPORTABLE,weak_only,5,5,0,37,37,0,0,0
mock fallback — NOT REPORTABLE,weak_only,5,5,0,69,69,0,0,0
mock fallback — NOT REPORTABLE,weak_only,5,5,0,152,152,0,0,0
mock fallback — NOT REPORTABLE,weak_only,5,5,0,123,123,0,0,0
mock fallback — NOT REPORTABLE,weak_only,5,5,0,90,90,0,0,0
mock fallback — NOT REPORTABLE,weak_only,5,5,0,168,168,0,0,0
mock fallback — NOT REPORTABLE,weak_only,5,5,0,59,59,0,0,0
mock fallback — NOT REPORTABLE,weak_only,5,2,1,44,44,0,0,0
mock fallback — NOT REPORTABLE,weak_only,5,5,0,44,44,0,0,0
mock fallback — NOT REPORTABLE,weak_only,5,5,0,204,204,0,0,0
mock fallback — NOT REPORTABLE,weak_only,5,5,0,66,66,0,0,0
mock fallback — NOT REPORTABLE,weak_only,5,5,0,105,105,0,0,0
mock fallback — NOT REPORTABLE,weak_only,5,5,0,100,100,0,0,0
mock fallback — NOT REPORTABLE,weak_only,5,5,0,41,41,0,0,0
mock fallback — NOT REPORTABLE,weak_only,5,5,0,57,57,0,0,0
mock fallback — NOT REPORTABLE,weak_only,5,5,0,70,70,0,0,0
mock fallback — NOT REPORTABLE,weak_only,5,5,0,115,115,0,0,0
mock fallback — NOT REPORTABLE,weak_only,5,2,1,67,67,0,0,0
mock fallback — NOT REPORTABLE,weak_only,5,5,0,108,108,0,0,0
mock fallback — NOT REPORTABLE,weak_only,5,5,0,52,52,0,0,0
mock fallback — NOT REPORTABLE,weak_only,5,5,0,99,99,0,0,0
mock fallback — NOT REPORTABLE,weak_only,5,5,0,74,74,0,0,0
mock fallback — NOT REPORTABLE,weak_only,5,5,0,106,106,0,0,0
mock fallback — NOT REPORTABLE,weak_only,5,5,0,92,92,0,0,0
mock fallback — NOT REPORTABLE,weak_only,5,5,0,82,82,0,0,0
mock fallback — NOT REPORTABLE,weak_only,5,5,0,98,98,0,0,0
mock fallback — NOT REPORTABLE,weak_only,5,5,0,117,117,0,0,0
mock fallback — NOT REPORTABLE,weak_only,5,5,0,54,54,0,0,0
mock fallback — NOT REPORTABLE,weak_only,5,5,0,204,204,0,0,0
mock fallback — NOT REPORTABLE,weak_only,5,5,0,127,127,0,0,0
mock fallback — NOT REPORTABLE,weak_only,5,5,0,42,42,0,0,0
mock fallback — NOT REPORTABLE,weak_only,5,5,0,41,41,0,0,0
mock fallback — NOT REPORTABLE,weak_only,5,5,0,49,49,0,0,0
mock fallback — NOT REPORTABLE,weak_only,5,5,0,123,123,0,0,0
mock fallback — NOT REPORTABLE,weak_only,5,5,0,142,142,0,0,0
mock fallback — NOT REPORTABLE,weak_only,5,5,0,184,184,0,0,0
mock fallback — NOT REPORTABLE,weak_only,5,5,0,167,167,0,0,0
mock fallback — NOT REPORTABLE,weak_only,5,5,0,74,74,0,0,0
mock fallback — NOT REPORTABLE,weak_only,5,5,0,176,176,0,0,0
mock fallback — NOT REPORTABLE,weak_only,5,5,0,102,102,0,0,0
mock fallback — NOT REPORTABLE,weak_only,5,5,0,49,49,0,0,0
mock fallback — NOT REPORTABLE,weak_only,5,5,0,70,70,0,0,0
mock fallback — NOT REPORTABLE,weak_only,5,5,0,51,51,0,0,0
mock fallback — NOT REPORTABLE,weak_only,5,5,0,250,250,0,0,0
mock fallback — NOT REPORTABLE,weak_only,5,5,0,53,53,0,0,0
mock fallback — NOT REPORTABLE,weak_only,5,5,0,79,79,0,0,0
mock fallback — NOT REPORTABLE,weak_only,5,5,0,129,129,0,0,0
mock fallback — NOT REPORTABLE,weak_only,5,5,0,150,150,0,0,0
mock fallback — NOT REPORTABLE,weak_only,5,5,0,75,75,0,0,0
mock fallback — NOT REPORTABLE,weak_only,5,5,0,54,54,0,0,0
mock fallback — NOT REPORTABLE,weak_only,5,5,0,70,70,0,0,0
mock fallback — NOT REPORTABLE,weak_only,5,5,0,79,79,0,0,0
mock fallback — NOT REPORTABLE,weak_only,5,5,0,50,50,0,0,0
mock fallback — NOT REPORTABLE,weak_only,5,5,0,120,120,0,0,0
mock fallback — NOT REPORTABLE,weak_only,5,5,0,74,74,0,0,0
mock fallback — NOT REPORTABLE,weak_only,5,5,0,55,55,0,0,0
mock fallback — NOT REPORTABLE,weak_only,5,5,0,159,159,0,0,0
mock fallback — NOT REPORTABLE,weak_only,5,5,0,69,69,0,0,0
mock fallback — NOT REPORTABLE,weak_only,5,5,0,78,78,0,0,0
mock fallback — NOT REPORTABLE,weak_only,5,5,0,48,48,0,0,0
mock fallback — NOT REPORTABLE,weak_only,5,5,0,185,185,0,0,0
mock fallback — NOT REPORTABLE,weak_only,5,5,0,112,112,0,0,0
mock fallback — NOT REPORTABLE,weak_only,5,5,0,72,72,0,0,0
mock fallback — NOT REPORTABLE,weak_only,5,5,0,79,79,0,0,0
mock fallback — NOT REPORTABLE,weak_only,5,5,0,166,166,0,0,0
mock fallback — NOT REPORTABLE,weak_only,5,5,0,33,33,0,0,0
mock fallback — NOT REPORTABLE,weak_only,6,4,1,130,130,0,0,0
mock fallback — NOT REPORTABLE,weak_only,6,5,1,200,200,0,0,0
mock fallback — NOT REPORTABLE,weak_only,6,5,1,300,300,0,0,1
mock fallback — NOT REPORTABLE,weak_only,6,4,1,100,100,0,0,0
mock fallback — NOT REPORTABLE,weak_only,6,6,0,28,28,0,0,0
mock fallback — NOT REPORTABLE,weak_only,6,4,1,300,300,0,0,1
mock fallback — NOT REPORTABLE,weak_only,6,5,1,45,45,0,0,0
mock fallback — NOT REPORTABLE,weak_only,6,4,1,157,157,0,0,0
mock fallback — NOT REPORTABLE,weak_only,6,5,1,257,257,0,0,0
mock fallback — NOT REPORTABLE,weak_only,6,4,1,159,159,0,0,0
mock fallback — NOT REPORTABLE,weak_only,6,4,1,300,300,0,0,1
mock fallback — NOT REPORTABLE,weak_only,6,4,1,210,210,0,0,0
mock fallback — NOT REPORTABLE,weak_only,6,4,1,300,300,0,0,1
mock fallback — NOT REPORTABLE,weak_only,6,5,1,189,189,0,0,0
mock fallback — NOT REPORTABLE,weak_only,6,4,1,151,151,0,0,0
mock fallback — NOT REPORTABLE,weak_only,6,6,0,121,121,0,0,0
mock fallback — NOT REPORTABLE,weak_only,6,5,1,80,80,0,0,0
mock fallback — NOT REPORTABLE,weak_only,6,5,1,240,240,0,0,0
mock fallback — NOT REPORTABLE,weak_only,6,5,1,159,159,0,0,0
mock fallback — NOT REPORTABLE,weak_only,6,4,1,224,224,0,0,0
mock fallback — NOT REPORTABLE,weak_only,6,5,1,300,300,0,0,1
mock fallback — NOT REPORTABLE,weak_only,6,6,0,209,209,0,0,0
mock fallback — NOT REPORTABLE,weak_only,6,5,1,146,146,0,0,0
mock fallback — NOT REPORTABLE,weak_only,6,4,1,55,55,0,0,0
mock fallback — NOT REPORTABLE,weak_only,6,4,1,132,132,0,0,0
mock fallback — NOT REPORTABLE,weak_only,6,5,1,67,67,0,0,0
mock fallback — NOT REPORTABLE,weak_only,6,4,1,89,89,0,0,0
mock fallback — NOT REPORTABLE,weak_only,6,5,1,300,300,0,0,1
mock fallback — NOT REPORTABLE,weak_only,6,6,0,111,111,0,0,0
mock fallback — NOT REPORTABLE,weak_only,6,4,1,48,48,0,0,0
mock fallback — NOT REPORTABLE,weak_only,6,5,1,268,268,0,0,0
mock fallback — NOT REPORTABLE,weak_only,6,4,1,239,239,0,0,0
mock fallback — NOT REPORTABLE,weak_only,6,5,1,103,103,0,0,0
mock fallback — NOT REPORTABLE,weak_only,6,5,1,217,217,0,0,0
mock fallback — NOT REPORTABLE,weak_only,6,6,0,36,36,0,0,0
mock fallback — NOT REPORTABLE,weak_only,6,5,1,141,141,0,0,0
mock fallback — NOT REPORTABLE,weak_only,6,4,1,272,272,0,0,0
mock fallback — NOT REPORTABLE,weak_only,6,5,1,157,157,0,0,0
mock fallback — NOT REPORTABLE,weak_only,6,5,1,209,209,0,0,0
mock fallback — NOT REPORTABLE,weak_only,6,5,1,300,300,0,0,1
mock fallback — NOT REPORTABLE,weak_only,6,4,1,42,42,0,0,0
mock fallback — NOT REPORTABLE,weak_only,6,4,1,144,144,0,0,0
mock fallback — NOT REPORTABLE,weak_only,6,4,1,197,197,0,0,0
mock fallback — NOT REPORTABLE,weak_only,6,4,1,149,149,0,0,0
mock fallback — NOT REPORTABLE,weak_only,6,5,1,70,70,0,0,0
mock fallback — NOT REPORTABLE,weak_only,6,5,1,300,300,0,0,1
mock fallback — NOT REPORTABLE,weak_only,6,4,1,60,60,0,0,0
mock fallback — NOT REPORTABLE,weak_only,6,5,1,192,192,0,0,0
mock fallback — NOT REPORTABLE,weak_only,6,4,1,292,292,0,0,0
mock fallback — NOT REPORTABLE,weak_only,6,4,1,182,182,0,0,0
mock fallback — NOT REPORTABLE,weak_only,6,6,0,157,157,0,0,0
mock fallback — NOT REPORTABLE,weak_only,6,4,1,219,219,0,0,0
mock fallback — NOT REPORTABLE,weak_only,6,4,1,211,211,0,0,0
mock fallback — NOT REPORTABLE,weak_only,6,4,1,300,300,0,0,1
mock fallback — NOT REPORTABLE,weak_only,6,6,0,59,59,0,0,0
mock fallback — NOT REPORTABLE,weak_only,6,5,1,132,132,0,0,0
mock fallback — NOT REPORTABLE,weak_only,6,6,0,90,90,0,0,0
mock fallback — NOT REPORTABLE,weak_only,6,5,1,212,212,0,0,0
mock fallback — NOT REPORTABLE,weak_only,6,5,1,122,122,0,0,0
mock fallback — NOT REPORTABLE,weak_only,6,6,0,83,83,0,0,0
mock fallback — NOT REPORTABLE,weak_only,6,4,1,236,236,0,0,0
mock fallback — NOT REPORTABLE,weak_only,6,4,1,262,262,0,0,0
mock fallback — NOT REPORTABLE,weak_only,6,5,1,138,138,0,0,0
mock fallback — NOT REPORTABLE,weak_only,6,4,1,24,24,0,0,0
mock fallback — NOT REPORTABLE,weak_only,6,4,1,87,87,0,0,0
mock fallback — NOT REPORTABLE,weak_only,6,5,1,87,87,0,0,0
mock fallback — NOT REPORTABLE,weak_only,6,4,1,184,184,0,0,0
mock fallback — NOT REPORTABLE,weak_only,6,4,1,25,25,0,0,0
mock fallback — NOT REPORTABLE,weak_only,6,4,1,96,96,0,0,0
mock fallback — NOT REPORTABLE,weak_only,6,5,1,300,300,0,0,1
mock fallback — NOT REPORTABLE,weak_only,6,5,1,79,79,0,0,0
mock fallback — NOT REPORTABLE,weak_only,6,4,1,57,57,0,0,0
mock fallback — NOT REPORTABLE,weak_only,6,4,1,300,300,0,0,1
mock fallback — NOT REPORTABLE,weak_only,6,4,1,212,212,0,0,0
mock fallback — NOT REPORTABLE,weak_only,6,6,0,95,95,0,0,0
mock fallback — NOT REPORTABLE,weak_only,6,4,1,157,157,0,0,0
mock fallback — NOT REPORTABLE,weak_only,6,5,1,300,300,0,0,1
mock fallback — NOT REPORTABLE,weak_only,6,4,1,160,160,0,0,0
mock fallback — NOT REPORTABLE,weak_only,6,5,1,69,69,0,0,0
mock fallback — NOT REPORTABLE,weak_only,6,4,1,300,300,0,0,1
mock fallback — NOT REPORTABLE,weak_only,6,4,1,197,197,0,0,0
mock fallback — NOT REPORTABLE,weak_only,6,4,1,258,258,0,0,0
mock fallback — NOT REPORTABLE,weak_only,6,5,1,190,190,0,0,0
mock fallback — NOT REPORTABLE,weak_only,6,5,1,80,80,0,0,0
mock fallback — NOT REPORTABLE,weak_only,6,4,1,155,155,0,0,0
mock fallback — NOT REPORTABLE,weak_only,6,6,0,300,300,0,0,1
mock fallback — NOT REPORTABLE,weak_only,6,6,0,96,96,0,0,0
mock fallback — NOT REPORTABLE,weak_only,6,5,1,300,300,0,0,1
mock fallback — NOT REPORTABLE,weak_only,6,4,1,300,300,0,0,1
mock fallback — NOT REPORTABLE,weak_only,6,4,1,128,128,0,0,0
mock fallback — NOT REPORTABLE,weak_only,6,5,1,82,82,0,0,0
mock fallback — NOT REPORTABLE,weak_only,6,5,1,300,300,0,0,1
mock fallback — NOT REPORTABLE,weak_only,6,4,1,56,56,0,0,0
mock fallback — NOT REPORTABLE,weak_only,6,4,1,300,300,0,0,1
mock fallback — NOT REPORTABLE,weak_only,6,5,1,40,40,0,0,0
mock fallback — NOT REPORTABLE,weak_only,6,6,0,300,300,0,0,1
mock fallback — NOT REPORTABLE,weak_only,6,4,1,57,57,0,0,0
mock fallback — NOT REPORTABLE,weak_only,6,4,1,62,62,0,0,0
mock fallback — NOT REPORTABLE,weak_only,6,4,1,127,127,0,0,0
mock fallback — NOT REPORTABLE,weak_only,6,4,1,262,262,0,0,0
